unit_id,cycle,cluster
120,1,2
120,2,2
120,3,2
120,4,2
120,5,2
120,6,2
120,7,2
120,8,2
120,9,2
120,10,2
120,11,2
120,12,2
120,13,2
120,14,2
120,15,2
120,16,2
120,17,2
120,18,2
120,19,2
120,20,2
120,21,2
120,22,0
120,23,2
120,24,0
120,25,2
120,26,2
120,27,0
120,28,0
120,29,0
120,30,0
120,31,2
120,32,0
120,33,0
120,34,0
120,35,0
120,36,0
120,37,0
120,38,0
120,39,0
120,40,0
120,41,0
120,42,0
120,43,0
120,44,0
120,45,0
120,46,0
120,47,0
120,48,0
120,49,0
120,50,0
120,51,0
120,52,0
120,53,0
120,54,0
120,55,0
120,56,1
120,57,1
120,58,0
120,59,0
120,60,1
120,61,0
120,62,0
120,63,1
120,64,1
120,65,1
120,66,1
120,67,1
120,68,1
120,69,1
120,70,0
120,71,0
120,72,1
120,73,1
120,74,1
120,75,1
120,76,1
120,77,1
120,78,1
120,79,1
120,80,1
120,81,1
120,82,1
120,83,1
120,84,3
120,85,1
120,86,1
120,87,1
120,88,1
120,89,3
120,90,3
120,91,3
120,92,1
120,93,1
120,94,3
120,95,1
120,96,3
120,97,3
120,98,1
120,99,3
120,100,1
120,101,3
120,102,3
120,103,3
120,104,1
120,105,1
120,106,1
120,107,3
120,108,3
120,109,1
120,110,3
120,111,3
120,112,1
120,113,3
120,114,3
120,115,3
120,116,3
120,117,3
120,118,3
120,119,3
120,120,3
120,121,3
120,122,3
120,123,3
120,124,3
120,125,3
120,126,3
121,1,2
121,2,2
121,3,2
121,4,2
121,5,2
121,6,2
121,7,2
121,8,2
121,9,2
121,10,2
121,11,2
121,12,2
121,13,2
121,14,2
121,15,2
121,16,2
121,17,2
121,18,2
121,19,2
121,20,2
121,21,2
121,22,2
121,23,2
121,24,2
121,25,0
121,26,2
121,27,2
121,28,2
121,29,2
121,30,2
121,31,0
121,32,0
121,33,2
121,34,0
121,35,2
121,36,2
121,37,0
121,38,2
121,39,0
121,40,0
121,41,0
121,42,2
121,43,0
121,44,0
121,45,0
121,46,2
121,47,0
121,48,0
121,49,0
121,50,0
121,51,0
121,52,0
121,53,0
121,54,0
121,55,0
121,56,0
121,57,0
121,58,0
121,59,0
121,60,0
121,61,0
121,62,0
121,63,0
121,64,0
121,65,0
121,66,0
121,67,1
121,68,0
121,69,0
121,70,0
121,71,0
121,72,0
121,73,0
121,74,0
121,75,0
121,76,1
121,77,0
121,78,0
121,79,0
121,80,0
121,81,0
121,82,1
121,83,1
121,84,0
121,85,0
121,86,1
121,87,1
121,88,1
121,89,0
121,90,1
121,91,1
121,92,1
121,93,1
121,94,0
121,95,1
121,96,1
121,97,1
121,98,1
121,99,1
121,100,1
121,101,1
121,102,1
121,103,1
121,104,1
121,105,1
121,106,1
121,107,1
121,108,1
121,109,1
121,110,1
121,111,1
121,112,3
121,113,1
121,114,1
121,115,3
121,116,1
121,117,3
121,118,1
121,119,1
121,120,1
121,121,3
121,122,1
121,123,1
121,124,3
121,125,3
121,126,3
121,127,1
121,128,3
121,129,3
121,130,3
121,131,3
121,132,3
121,133,3
121,134,3
121,135,1
121,136,3
121,137,3
121,138,3
121,139,3
121,140,3
121,141,3
121,142,3
121,143,3
121,144,3
121,145,3
121,146,3
121,147,3
121,148,3
121,149,3
121,150,3
121,151,3
121,152,3
121,153,3
121,154,3
121,155,3
121,156,3
121,157,3
121,158,3
121,159,3
121,160,3
122,1,2
122,2,2
122,3,2
122,4,2
122,5,2
122,6,2
122,7,2
122,8,2
122,9,2
122,10,2
122,11,2
122,12,2
122,13,2
122,14,2
122,15,2
122,16,2
122,17,2
122,18,2
122,19,2
122,20,2
122,21,0
122,22,2
122,23,2
122,24,2
122,25,0
122,26,0
122,27,0
122,28,0
122,29,0
122,30,0
122,31,0
122,32,0
122,33,0
122,34,0
122,35,0
122,36,0
122,37,0
122,38,0
122,39,0
122,40,0
122,41,0
122,42,0
122,43,0
122,44,0
122,45,0
122,46,0
122,47,0
122,48,0
122,49,0
122,50,0
122,51,0
122,52,0
122,53,1
122,54,1
122,55,0
122,56,0
122,57,1
122,58,1
122,59,0
122,60,1
122,61,1
122,62,1
122,63,1
122,64,1
122,65,1
122,66,1
122,67,1
122,68,1
122,69,1
122,70,1
122,71,1
122,72,1
122,73,1
122,74,1
122,75,1
122,76,1
122,77,3
122,78,3
122,79,3
122,80,1
122,81,3
122,82,3
122,83,3
122,84,1
122,85,1
122,86,3
122,87,1
122,88,3
122,89,1
122,90,3
122,91,3
122,92,3
122,93,3
122,94,3
122,95,3
122,96,3
122,97,3
122,98,3
122,99,3
122,100,3
123,1,2
123,2,2
123,3,2
123,4,2
123,5,2
123,6,2
123,7,2
123,8,2
123,9,2
123,10,2
123,11,2
123,12,2
123,13,2
123,14,2
123,15,2
123,16,2
123,17,2
123,18,2
123,19,2
123,20,2
123,21,2
123,22,2
123,23,2
123,24,2
123,25,2
123,26,2
123,27,2
123,28,2
123,29,2
123,30,2
123,31,2
123,32,2
123,33,2
123,34,2
123,35,2
123,36,2
123,37,2
123,38,2
123,39,2
123,40,2
123,41,0
123,42,2
123,43,2
123,44,2
123,45,0
123,46,2
123,47,0
123,48,2
123,49,0
123,50,0
123,51,0
123,52,2
123,53,0
123,54,0
123,55,0
123,56,0
123,57,0
123,58,0
123,59,0
123,60,0
123,61,0
123,62,0
123,63,0
123,64,0
123,65,0
123,66,0
123,67,0
123,68,0
123,69,0
123,70,0
123,71,0
123,72,0
123,73,0
123,74,0
123,75,0
123,76,1
123,77,0
123,78,0
123,79,0
123,80,0
123,81,0
123,82,0
123,83,0
123,84,1
123,85,1
123,86,1
123,87,1
123,88,1
123,89,1
123,90,1
123,91,1
123,92,1
123,93,1
123,94,1
123,95,1
123,96,1
123,97,1
123,98,1
123,99,1
123,100,1
123,101,1
123,102,1
123,103,1
123,104,1
123,105,1
123,106,1
123,107,1
123,108,1
123,109,1
123,110,1
123,111,1
123,112,1
123,113,1
123,114,1
123,115,3
123,116,3
123,117,1
123,118,3
123,119,3
123,120,3
123,121,3
123,122,3
123,123,3
123,124,3
123,125,3
123,126,3
123,127,3
123,128,3
123,129,3
123,130,3
123,131,3
123,132,3
123,133,3
123,134,3
123,135,3
123,136,3
123,137,3
123,138,3
123,139,3
123,140,3
123,141,3
123,142,3
123,143,3
123,144,3
123,145,3
123,146,3
123,147,3
123,148,3
123,149,3
123,150,3
123,151,3
123,152,3
124,1,2
124,2,2
124,3,2
124,4,2
124,5,2
124,6,2
124,7,2
124,8,2
124,9,2
124,10,2
124,11,2
124,12,2
124,13,2
124,14,2
124,15,2
124,16,2
124,17,2
124,18,2
124,19,2
124,20,2
124,21,2
124,22,2
124,23,2
124,24,2
124,25,2
124,26,2
124,27,2
124,28,2
124,29,2
124,30,2
124,31,2
124,32,2
124,33,2
124,34,2
124,35,2
124,36,2
124,37,2
124,38,2
124,39,2
124,40,2
124,41,2
124,42,2
124,43,2
124,44,2
124,45,2
124,46,2
124,47,2
124,48,2
124,49,2
124,50,2
124,51,2
124,52,2
124,53,2
124,54,2
124,55,2
124,56,0
124,57,2
124,58,2
124,59,0
124,60,0
124,61,2
124,62,2
124,63,2
124,64,2
124,65,2
124,66,2
124,67,2
124,68,0
124,69,2
124,70,2
124,71,2
124,72,0
124,73,0
124,74,0
124,75,0
124,76,0
124,77,0
124,78,0
124,79,2
124,80,0
124,81,0
124,82,0
124,83,0
124,84,0
124,85,0
124,86,0
124,87,0
124,88,2
124,89,0
124,90,0
124,91,0
124,92,0
124,93,0
124,94,0
124,95,0
124,96,0
124,97,0
124,98,0
124,99,0
124,100,0
124,101,0
124,102,0
124,103,0
124,104,0
124,105,0
124,106,0
124,107,0
124,108,0
124,109,0
124,110,0
124,111,0
124,112,0
124,113,0
124,114,0
124,115,0
124,116,0
124,117,0
124,118,0
124,119,0
124,120,0
124,121,0
124,122,0
124,123,0
124,124,0
124,125,0
124,126,0
124,127,0
124,128,1
124,129,1
124,130,1
124,131,0
124,132,0
124,133,1
124,134,0
124,135,1
124,136,1
124,137,0
124,138,1
124,139,1
124,140,0
124,141,0
124,142,1
124,143,1
124,144,0
124,145,0
124,146,1
124,147,1
124,148,1
124,149,1
124,150,1
124,151,1
124,152,1
124,153,1
124,154,1
124,155,1
124,156,1
124,157,1
124,158,1
124,159,1
124,160,1
124,161,1
124,162,1
124,163,1
124,164,1
124,165,1
124,166,1
124,167,1
124,168,1
124,169,1
124,170,1
124,171,1
124,172,1
124,173,1
124,174,1
124,175,1
124,176,1
124,177,1
124,178,1
124,179,1
124,180,1
124,181,1
124,182,1
124,183,1
124,184,1
124,185,3
124,186,1
124,187,1
124,188,1
124,189,1
124,190,1
124,191,1
124,192,3
124,193,3
124,194,1
124,195,3
124,196,3
124,197,1
124,198,1
124,199,3
124,200,3
124,201,3
124,202,1
124,203,3
124,204,1
124,205,1
124,206,1
124,207,3
124,208,1
124,209,3
124,210,1
124,211,3
124,212,3
124,213,3
124,214,1
124,215,3
124,216,3
124,217,3
124,218,1
124,219,3
124,220,1
124,221,3
124,222,3
124,223,1
124,224,3
124,225,3
124,226,1
124,227,3
124,228,1
124,229,3
124,230,3
124,231,3
124,232,1
124,233,3
124,234,3
124,235,3
124,236,3
124,237,3
124,238,3
124,239,1
124,240,3
124,241,3
124,242,3
124,243,3
124,244,3
124,245,3
124,246,3
124,247,3
124,248,3
124,249,3
124,250,3
124,251,3
124,252,3
124,253,3
124,254,3
124,255,3
124,256,3
124,257,3
124,258,3
124,259,3
124,260,3
124,261,3
124,262,3
124,263,3
124,264,3
124,265,3
124,266,3
124,267,3
124,268,3
124,269,3
124,270,3
124,271,3
124,272,3
124,273,3
124,274,3
124,275,3
124,276,3
125,1,2
125,2,2
125,3,2
125,4,2
125,5,2
125,6,2
125,7,2
125,8,2
125,9,2
125,10,2
125,11,2
125,12,2
125,13,2
125,14,2
125,15,2
125,16,2
125,17,2
125,18,2
125,19,2
125,20,2
125,21,2
125,22,2
125,23,2
125,24,2
125,25,2
125,26,2
125,27,2
125,28,2
125,29,2
125,30,2
125,31,0
125,32,0
125,33,0
125,34,0
125,35,0
125,36,0
125,37,0
125,38,0
125,39,0
125,40,0
125,41,0
125,42,0
125,43,0
125,44,0
125,45,0
125,46,0
125,47,0
125,48,0
125,49,0
125,50,0
125,51,0
125,52,0
125,53,0
125,54,0
125,55,1
125,56,0
125,57,1
125,58,0
125,59,1
125,60,1
125,61,1
125,62,1
125,63,1
125,64,1
125,65,1
125,66,1
125,67,1
125,68,1
125,69,1
125,70,3
125,71,3
125,72,3
125,73,3
125,74,3
125,75,1
125,76,1
125,77,1
125,78,3
125,79,3
125,80,1
125,81,3
125,82,3
125,83,3
125,84,1
125,85,3
125,86,3
125,87,1
125,88,3
125,89,1
125,90,3
125,91,3
125,92,3
125,93,3
125,94,3
125,95,3
125,96,3
125,97,3
125,98,3
125,99,3
125,100,1
125,101,3
125,102,3
125,103,3
125,104,3
125,105,3
125,106,3
125,107,3
125,108,3
125,109,3
126,1,2
126,2,2
126,3,2
126,4,2
126,5,2
126,6,2
126,7,2
126,8,2
126,9,2
126,10,2
126,11,2
126,12,2
126,13,2
126,14,2
126,15,2
126,16,2
126,17,2
126,18,2
126,19,2
126,20,2
126,21,2
126,22,2
126,23,2
126,24,2
126,25,2
126,26,2
126,27,2
126,28,2
126,29,2
126,30,2
126,31,2
126,32,2
126,33,2
126,34,2
126,35,2
126,36,2
126,37,2
126,38,2
126,39,0
126,40,2
126,41,2
126,42,2
126,43,2
126,44,0
126,45,0
126,46,2
126,47,0
126,48,2
126,49,0
126,50,0
126,51,2
126,52,2
126,53,0
126,54,2
126,55,0
126,56,0
126,57,0
126,58,2
126,59,0
126,60,0
126,61,0
126,62,0
126,63,0
126,64,0
126,65,0
126,66,0
126,67,0
126,68,0
126,69,0
126,70,0
126,71,0
126,72,0
126,73,0
126,74,0
126,75,0
126,76,0
126,77,0
126,78,0
126,79,0
126,80,0
126,81,0
126,82,0
126,83,0
126,84,0
126,85,0
126,86,0
126,87,0
126,88,0
126,89,0
126,90,0
126,91,0
126,92,0
126,93,0
126,94,0
126,95,0
126,96,1
126,97,0
126,98,1
126,99,1
126,100,0
126,101,0
126,102,0
126,103,0
126,104,0
126,105,0
126,106,0
126,107,1
126,108,0
126,109,0
126,110,1
126,111,1
126,112,1
126,113,1
126,114,1
126,115,1
126,116,1
126,117,0
126,118,0
126,119,1
126,120,1
126,121,1
126,122,0
126,123,1
126,124,1
126,125,1
126,126,1
126,127,1
126,128,1
126,129,1
126,130,1
126,131,1
126,132,1
126,133,1
126,134,1
126,135,1
126,136,1
126,137,1
126,138,1
126,139,1
126,140,1
126,141,1
126,142,1
126,143,1
126,144,1
126,145,1
126,146,1
126,147,3
126,148,3
126,149,1
126,150,1
126,151,1
126,152,1
126,153,3
126,154,3
126,155,1
126,156,1
126,157,1
126,158,3
126,159,1
126,160,1
126,161,1
126,162,1
126,163,1
126,164,1
126,165,1
126,166,1
126,167,3
126,168,1
126,169,1
126,170,1
126,171,1
126,172,1
126,173,3
126,174,1
126,175,1
126,176,3
126,177,1
126,178,1
126,179,3
126,180,1
126,181,1
126,182,3
126,183,1
126,184,3
126,185,1
126,186,1
126,187,3
126,188,3
126,189,3
126,190,3
126,191,3
126,192,3
126,193,1
126,194,1
126,195,3
126,196,3
126,197,3
126,198,3
126,199,3
126,200,3
126,201,3
126,202,3
126,203,3
126,204,3
126,205,3
126,206,3
126,207,3
126,208,3
127,1,2
127,2,2
127,3,2
127,4,2
127,5,2
127,6,2
127,7,2
127,8,2
127,9,2
127,10,2
127,11,2
127,12,2
127,13,2
127,14,2
127,15,2
127,16,0
127,17,2
127,18,0
127,19,0
127,20,0
127,21,2
127,22,0
127,23,0
127,24,0
127,25,0
127,26,0
127,27,0
127,28,0
127,29,0
127,30,0
127,31,0
127,32,0
127,33,0
127,34,1
127,35,0
127,36,1
127,37,0
127,38,1
127,39,1
127,40,1
127,41,1
127,42,1
127,43,1
127,44,1
127,45,1
127,46,1
127,47,1
127,48,1
127,49,1
127,50,1
127,51,3
127,52,3
127,53,3
127,54,3
127,55,3
127,56,3
127,57,1
127,58,3
127,59,3
127,60,3
127,61,3
127,62,3
127,63,3
127,64,3
127,65,3
127,66,3
127,67,3
127,68,3
127,69,3
127,70,3
128,1,2
128,2,2
128,3,2
128,4,2
128,5,2
128,6,2
128,7,2
128,8,2
128,9,2
128,10,2
128,11,2
128,12,2
128,13,2
128,14,2
128,15,2
128,16,2
128,17,2
128,18,2
128,19,2
128,20,2
128,21,2
128,22,2
128,23,2
128,24,2
128,25,2
128,26,2
128,27,2
128,28,2
128,29,2
128,30,2
128,31,2
128,32,2
128,33,2
128,34,0
128,35,2
128,36,2
128,37,2
128,38,2
128,39,0
128,40,0
128,41,2
128,42,0
128,43,2
128,44,0
128,45,0
128,46,2
128,47,0
128,48,0
128,49,0
128,50,0
128,51,0
128,52,0
128,53,0
128,54,0
128,55,0
128,56,0
128,57,0
128,58,0
128,59,0
128,60,0
128,61,0
128,62,0
128,63,0
128,64,0
128,65,0
128,66,0
128,67,0
128,68,0
128,69,0
128,70,0
128,71,0
128,72,0
128,73,0
128,74,0
128,75,1
128,76,0
128,77,0
128,78,0
128,79,0
128,80,0
128,81,0
128,82,0
128,83,1
128,84,1
128,85,0
128,86,1
128,87,0
128,88,1
128,89,1
128,90,1
128,91,1
128,92,1
128,93,1
128,94,1
128,95,1
128,96,1
128,97,1
128,98,1
128,99,1
128,100,1
128,101,1
128,102,1
128,103,1
128,104,1
128,105,1
128,106,1
128,107,1
128,108,1
128,109,1
128,110,1
128,111,1
128,112,1
128,113,1
128,114,1
128,115,1
128,116,1
128,117,3
128,118,3
128,119,1
128,120,1
128,121,3
128,122,1
128,123,3
128,124,3
128,125,3
128,126,3
128,127,3
128,128,3
128,129,3
128,130,3
128,131,3
128,132,3
128,133,3
128,134,3
128,135,3
128,136,1
128,137,3
128,138,3
128,139,3
128,140,3
128,141,3
128,142,1
128,143,3
128,144,3
128,145,3
128,146,3
128,147,1
128,148,3
128,149,3
128,150,1
128,151,3
128,152,3
128,153,3
128,154,3
128,155,3
128,156,3
128,157,3
128,158,3
128,159,3
128,160,3
128,161,3
128,162,3
128,163,3
128,164,3
128,165,3
129,1,2
129,2,2
129,3,2
129,4,2
129,5,2
129,6,2
129,7,2
129,8,2
129,9,2
129,10,2
129,11,2
129,12,2
129,13,2
129,14,2
129,15,2
129,16,2
129,17,2
129,18,2
129,19,2
129,20,2
129,21,2
129,22,2
129,23,2
129,24,2
129,25,2
129,26,2
129,27,2
129,28,2
129,29,2
129,30,2
129,31,2
129,32,2
129,33,2
129,34,2
129,35,2
129,36,2
129,37,2
129,38,2
129,39,2
129,40,2
129,41,2
129,42,2
129,43,2
129,44,2
129,45,2
129,46,2
129,47,2
129,48,2
129,49,2
129,50,2
129,51,0
129,52,2
129,53,2
129,54,0
129,55,2
129,56,0
129,57,2
129,58,2
129,59,0
129,60,0
129,61,0
129,62,0
129,63,2
129,64,2
129,65,0
129,66,0
129,67,0
129,68,2
129,69,0
129,70,0
129,71,0
129,72,0
129,73,0
129,74,0
129,75,0
129,76,0
129,77,0
129,78,0
129,79,0
129,80,0
129,81,0
129,82,0
129,83,0
129,84,0
129,85,0
129,86,0
129,87,0
129,88,0
129,89,0
129,90,0
129,91,0
129,92,0
129,93,0
129,94,0
129,95,0
129,96,0
129,97,0
129,98,0
129,99,1
129,100,0
129,101,0
129,102,0
129,103,0
129,104,0
129,105,0
129,106,0
129,107,0
129,108,0
129,109,0
129,110,0
129,111,0
129,112,0
129,113,0
129,114,0
129,115,0
129,116,0
129,117,0
129,118,1
129,119,0
129,120,0
129,121,0
129,122,0
129,123,0
129,124,0
129,125,0
129,126,0
129,127,0
129,128,0
129,129,1
129,130,1
129,131,1
129,132,0
129,133,1
129,134,1
129,135,1
129,136,0
129,137,0
129,138,1
129,139,1
129,140,1
129,141,1
129,142,1
129,143,0
129,144,1
129,145,0
129,146,0
129,147,0
129,148,1
129,149,1
129,150,1
129,151,1
129,152,1
129,153,1
129,154,1
129,155,1
129,156,1
129,157,1
129,158,1
129,159,1
129,160,1
129,161,1
129,162,1
129,163,1
129,164,1
129,165,1
129,166,1
129,167,1
129,168,1
129,169,1
129,170,1
129,171,1
129,172,1
129,173,1
129,174,1
129,175,1
129,176,1
129,177,1
129,178,1
129,179,1
129,180,1
129,181,3
129,182,1
129,183,1
129,184,1
129,185,1
129,186,1
129,187,1
129,188,1
129,189,1
129,190,3
129,191,3
129,192,1
129,193,1
129,194,1
129,195,1
129,196,3
129,197,1
129,198,3
129,199,1
129,200,1
129,201,3
129,202,3
129,203,1
129,204,3
129,205,3
129,206,3
129,207,3
129,208,3
129,209,3
129,210,1
129,211,1
129,212,1
129,213,1
129,214,1
129,215,1
129,216,1
129,217,1
129,218,1
129,219,3
129,220,3
129,221,3
129,222,3
129,223,3
129,224,1
129,225,1
129,226,1
129,227,1
129,228,1
129,229,1
129,230,3
129,231,3
129,232,3
129,233,3
129,234,3
129,235,3
129,236,3
129,237,3
129,238,3
129,239,3
129,240,3
129,241,3
129,242,3
129,243,3
129,244,3
129,245,3
129,246,3
129,247,3
129,248,3
129,249,3
129,250,3
129,251,3
129,252,3
129,253,3
129,254,3
129,255,3
129,256,3
129,257,3
129,258,3
129,259,3
129,260,3
129,261,3
129,262,3
129,263,3
129,264,3
129,265,3
129,266,3
129,267,3
129,268,3
129,269,3
129,270,3
129,271,3
129,272,3
129,273,3
130,1,2
130,2,2
130,3,2
130,4,2
130,5,2
130,6,2
130,7,2
130,8,2
130,9,2
130,10,2
130,11,2
130,12,2
130,13,2
130,14,2
130,15,2
130,16,2
130,17,2
130,18,2
130,19,2
130,20,2
130,21,2
130,22,2
130,23,2
130,24,2
130,25,2
130,26,2
130,27,2
130,28,2
130,29,2
130,30,2
130,31,2
130,32,2
130,33,2
130,34,2
130,35,2
130,36,2
130,37,2
130,38,2
130,39,2
130,40,2
130,41,2
130,42,2
130,43,2
130,44,2
130,45,0
130,46,2
130,47,2
130,48,2
130,49,2
130,50,2
130,51,0
130,52,0
130,53,0
130,54,0
130,55,0
130,56,2
130,57,2
130,58,0
130,59,0
130,60,0
130,61,0
130,62,0
130,63,0
130,64,0
130,65,0
130,66,0
130,67,0
130,68,0
130,69,0
130,70,0
130,71,0
130,72,0
130,73,0
130,74,0
130,75,0
130,76,0
130,77,0
130,78,0
130,79,0
130,80,0
130,81,0
130,82,0
130,83,0
130,84,0
130,85,0
130,86,0
130,87,0
130,88,0
130,89,0
130,90,0
130,91,0
130,92,0
130,93,0
130,94,0
130,95,0
130,96,1
130,97,0
130,98,1
130,99,1
130,100,0
130,101,1
130,102,1
130,103,0
130,104,0
130,105,1
130,106,1
130,107,1
130,108,1
130,109,0
130,110,1
130,111,1
130,112,1
130,113,0
130,114,1
130,115,1
130,116,1
130,117,1
130,118,0
130,119,1
130,120,1
130,121,1
130,122,1
130,123,1
130,124,1
130,125,1
130,126,1
130,127,1
130,128,1
130,129,1
130,130,1
130,131,1
130,132,1
130,133,1
130,134,1
130,135,1
130,136,1
130,137,1
130,138,1
130,139,1
130,140,1
130,141,1
130,142,1
130,143,1
130,144,1
130,145,1
130,146,1
130,147,1
130,148,1
130,149,1
130,150,1
130,151,1
130,152,1
130,153,1
130,154,1
130,155,1
130,156,1
130,157,1
130,158,1
130,159,3
130,160,3
130,161,3
130,162,3
130,163,1
130,164,1
130,165,1
130,166,1
130,167,1
130,168,3
130,169,3
130,170,1
130,171,3
130,172,1
130,173,3
130,174,3
130,175,1
130,176,3
130,177,1
130,178,3
130,179,3
130,180,1
130,181,3
130,182,3
130,183,1
130,184,3
130,185,1
130,186,3
130,187,3
130,188,3
130,189,3
130,190,1
130,191,1
130,192,3
130,193,3
130,194,3
130,195,3
130,196,3
130,197,3
130,198,3
130,199,3
130,200,3
130,201,3
130,202,3
130,203,3
130,204,3
130,205,3
130,206,3
130,207,3
130,208,3
130,209,3
130,210,3
130,211,3
130,212,3
130,213,3
130,214,3
130,215,3
130,216,3
130,217,3
130,218,3
130,219,3
130,220,3
130,221,3
130,222,3
130,223,3
131,1,2
131,2,2
131,3,2
131,4,2
131,5,2
131,6,2
131,7,2
131,8,2
131,9,2
131,10,2
131,11,2
131,12,2
131,13,2
131,14,2
131,15,2
131,16,2
131,17,2
131,18,2
131,19,2
131,20,2
131,21,2
131,22,2
131,23,2
131,24,2
131,25,2
131,26,2
131,27,2
131,28,2
131,29,2
131,30,2
131,31,2
131,32,2
131,33,0
131,34,2
131,35,2
131,36,2
131,37,2
131,38,0
131,39,2
131,40,2
131,41,2
131,42,2
131,43,2
131,44,2
131,45,2
131,46,2
131,47,0
131,48,2
131,49,0
131,50,0
131,51,0
131,52,0
131,53,2
131,54,2
131,55,0
131,56,0
131,57,0
131,58,0
131,59,0
131,60,0
131,61,0
131,62,0
131,63,0
131,64,0
131,65,0
131,66,0
131,67,0
131,68,0
131,69,0
131,70,0
131,71,0
131,72,0
131,73,0
131,74,0
131,75,0
131,76,0
131,77,0
131,78,0
131,79,1
131,80,0
131,81,1
131,82,1
131,83,0
131,84,0
131,85,0
131,86,0
131,87,1
131,88,0
131,89,0
131,90,1
131,91,1
131,92,0
131,93,1
131,94,1
131,95,0
131,96,1
131,97,0
131,98,1
131,99,1
131,100,1
131,101,0
131,102,1
131,103,0
131,104,1
131,105,1
131,106,1
131,107,1
131,108,0
131,109,1
131,110,1
131,111,1
131,112,1
131,113,1
131,114,1
131,115,1
131,116,1
131,117,1
131,118,1
131,119,1
131,120,3
131,121,1
131,122,3
131,123,1
131,124,1
131,125,1
131,126,1
131,127,3
131,128,1
131,129,1
131,130,3
131,131,3
131,132,1
131,133,1
131,134,1
131,135,1
131,136,3
131,137,3
131,138,3
131,139,1
131,140,1
131,141,3
131,142,1
131,143,1
131,144,3
131,145,3
131,146,3
131,147,1
131,148,1
131,149,3
131,150,3
131,151,1
131,152,3
131,153,1
131,154,3
131,155,3
131,156,1
131,157,3
131,158,1
131,159,3
131,160,1
131,161,3
131,162,3
131,163,1
131,164,3
131,165,1
131,166,3
131,167,3
131,168,3
131,169,3
131,170,3
131,171,3
131,172,3
131,173,3
131,174,3
131,175,3
131,176,3
131,177,3
131,178,3
131,179,3
131,180,3
131,181,3
131,182,3
131,183,3
132,1,2
132,2,2
132,3,2
132,4,2
132,5,2
132,6,2
132,7,2
132,8,2
132,9,2
132,10,2
132,11,2
132,12,2
132,13,2
132,14,2
132,15,2
132,16,2
132,17,2
132,18,2
132,19,2
132,20,0
132,21,2
132,22,2
132,23,2
132,24,0
132,25,0
132,26,0
132,27,0
132,28,0
132,29,0
132,30,0
132,31,0
132,32,0
132,33,0
132,34,0
132,35,0
132,36,0
132,37,0
132,38,0
132,39,0
132,40,0
132,41,0
132,42,0
132,43,0
132,44,0
132,45,0
132,46,1
132,47,0
132,48,1
132,49,1
132,50,1
132,51,1
132,52,0
132,53,0
132,54,1
132,55,1
132,56,1
132,57,1
132,58,1
132,59,1
132,60,1
132,61,1
132,62,1
132,63,1
132,64,1
132,65,1
132,66,1
132,67,1
132,68,1
132,69,1
132,70,1
132,71,1
132,72,1
132,73,3
132,74,3
132,75,1
132,76,3
132,77,1
132,78,3
132,79,3
132,80,3
132,81,3
132,82,1
132,83,3
132,84,3
132,85,3
132,86,3
132,87,3
132,88,3
132,89,3
132,90,3
132,91,3
132,92,3
133,1,2
133,2,2
133,3,2
133,4,2
133,5,2
133,6,2
133,7,2
133,8,2
133,9,2
133,10,2
133,11,2
133,12,2
133,13,2
133,14,2
133,15,2
133,16,2
133,17,2
133,18,2
133,19,2
133,20,2
133,21,2
133,22,2
133,23,2
133,24,2
133,25,2
133,26,2
133,27,2
133,28,2
133,29,2
133,30,2
133,31,2
133,32,2
133,33,2
133,34,2
133,35,2
133,36,2
133,37,2
133,38,2
133,39,2
133,40,2
133,41,2
133,42,2
133,43,2
133,44,2
133,45,2
133,46,2
133,47,2
133,48,2
133,49,2
133,50,2
133,51,2
133,52,2
133,53,2
133,54,2
133,55,2
133,56,2
133,57,2
133,58,2
133,59,2
133,60,2
133,61,2
133,62,2
133,63,2
133,64,0
133,65,0
133,66,2
133,67,0
133,68,2
133,69,0
133,70,2
133,71,2
133,72,2
133,73,2
133,74,2
133,75,0
133,76,2
133,77,0
133,78,0
133,79,0
133,80,0
133,81,0
133,82,0
133,83,0
133,84,0
133,85,0
133,86,0
133,87,0
133,88,0
133,89,0
133,90,0
133,91,0
133,92,0
133,93,0
133,94,0
133,95,0
133,96,0
133,97,0
133,98,0
133,99,0
133,100,0
133,101,0
133,102,0
133,103,0
133,104,0
133,105,0
133,106,0
133,107,0
133,108,0
133,109,0
133,110,0
133,111,0
133,112,0
133,113,0
133,114,0
133,115,0
133,116,1
133,117,0
133,118,0
133,119,0
133,120,0
133,121,0
133,122,0
133,123,0
133,124,0
133,125,0
133,126,1
133,127,0
133,128,1
133,129,1
133,130,1
133,131,0
133,132,0
133,133,1
133,134,0
133,135,1
133,136,0
133,137,1
133,138,1
133,139,1
133,140,1
133,141,1
133,142,1
133,143,1
133,144,1
133,145,1
133,146,1
133,147,0
133,148,0
133,149,0
133,150,0
133,151,1
133,152,1
133,153,0
133,154,1
133,155,1
133,156,1
133,157,1
133,158,1
133,159,1
133,160,1
133,161,1
133,162,1
133,163,1
133,164,1
133,165,1
133,166,1
133,167,1
133,168,1
133,169,1
133,170,1
133,171,1
133,172,1
133,173,1
133,174,1
133,175,1
133,176,1
133,177,1
133,178,1
133,179,1
133,180,1
133,181,1
133,182,1
133,183,1
133,184,1
133,185,1
133,186,1
133,187,1
133,188,1
133,189,1
133,190,1
133,191,1
133,192,1
133,193,1
133,194,1
133,195,1
133,196,3
133,197,1
133,198,3
133,199,1
133,200,1
133,201,1
133,202,3
133,203,3
133,204,3
133,205,1
133,206,1
133,207,3
133,208,3
133,209,3
133,210,3
133,211,1
133,212,3
133,213,1
133,214,1
133,215,3
133,216,1
133,217,3
133,218,3
133,219,1
133,220,1
133,221,3
133,222,3
133,223,3
133,224,3
133,225,3
133,226,3
133,227,3
133,228,3
133,229,3
133,230,3
133,231,3
133,232,3
133,233,3
133,234,3
133,235,3
133,236,3
133,237,3
133,238,3
133,239,3
133,240,3
133,241,3
133,242,3
133,243,3
133,244,3
133,245,3
133,246,3
133,247,3
133,248,3
133,249,3
133,250,3
133,251,3
133,252,3
133,253,3
133,254,3
133,255,3
133,256,3
133,257,3
133,258,3
133,259,3
133,260,3
133,261,3
133,262,3
134,1,2
134,2,2
134,3,2
134,4,2
134,5,2
134,6,2
134,7,2
134,8,2
134,9,2
134,10,2
134,11,2
134,12,2
134,13,2
134,14,2
134,15,2
134,16,2
134,17,2
134,18,2
134,19,2
134,20,2
134,21,2
134,22,2
134,23,2
134,24,2
134,25,2
134,26,2
134,27,2
134,28,2
134,29,2
134,30,2
134,31,2
134,32,2
134,33,2
134,34,2
134,35,2
134,36,2
134,37,2
134,38,2
134,39,2
134,40,2
134,41,2
134,42,2
134,43,2
134,44,2
134,45,2
134,46,2
134,47,2
134,48,2
134,49,2
134,50,2
134,51,0
134,52,2
134,53,2
134,54,2
134,55,2
134,56,2
134,57,0
134,58,0
134,59,0
134,60,0
134,61,0
134,62,2
134,63,0
134,64,0
134,65,0
134,66,0
134,67,2
134,68,0
134,69,0
134,70,0
134,71,0
134,72,0
134,73,0
134,74,0
134,75,0
134,76,0
134,77,0
134,78,0
134,79,0
134,80,0
134,81,0
134,82,0
134,83,0
134,84,0
134,85,0
134,86,0
134,87,0
134,88,0
134,89,0
134,90,0
134,91,0
134,92,0
134,93,0
134,94,0
134,95,0
134,96,0
134,97,0
134,98,0
134,99,0
134,100,0
134,101,0
134,102,0
134,103,0
134,104,0
134,105,0
134,106,0
134,107,0
134,108,0
134,109,0
134,110,0
134,111,0
134,112,0
134,113,0
134,114,0
134,115,1
134,116,1
134,117,0
134,118,1
134,119,0
134,120,0
134,121,0
134,122,1
134,123,1
134,124,1
134,125,0
134,126,1
134,127,1
134,128,0
134,129,0
134,130,0
134,131,1
134,132,0
134,133,1
134,134,0
134,135,0
134,136,0
134,137,0
134,138,1
134,139,1
134,140,1
134,141,1
134,142,1
134,143,1
134,144,1
134,145,1
134,146,1
134,147,1
134,148,1
134,149,1
134,150,1
134,151,1
134,152,1
134,153,1
134,154,1
134,155,1
134,156,1
134,157,1
134,158,1
134,159,1
134,160,1
134,161,1
134,162,1
134,163,1
134,164,1
134,165,1
134,166,1
134,167,1
134,168,1
134,169,1
134,170,1
134,171,1
134,172,1
134,173,1
134,174,3
134,175,1
134,176,3
134,177,1
134,178,1
134,179,1
134,180,1
134,181,1
134,182,3
134,183,1
134,184,1
134,185,1
134,186,1
134,187,3
134,188,1
134,189,1
134,190,1
134,191,1
134,192,1
134,193,1
134,194,3
134,195,3
134,196,1
134,197,3
134,198,1
134,199,3
134,200,1
134,201,3
134,202,3
134,203,1
134,204,3
134,205,3
134,206,3
134,207,3
134,208,3
134,209,3
134,210,3
134,211,3
134,212,3
134,213,3
134,214,3
134,215,3
134,216,3
134,217,3
134,218,3
134,219,3
134,220,3
134,221,3
134,222,3
134,223,3
134,224,3
134,225,3
134,226,3
135,1,2
135,2,2
135,3,2
135,4,2
135,5,2
135,6,2
135,7,2
135,8,2
135,9,2
135,10,2
135,11,2
135,12,2
135,13,2
135,14,2
135,15,2
135,16,2
135,17,0
135,18,2
135,19,2
135,20,0
135,21,0
135,22,0
135,23,2
135,24,0
135,25,2
135,26,2
135,27,0
135,28,0
135,29,0
135,30,0
135,31,0
135,32,0
135,33,0
135,34,0
135,35,0
135,36,0
135,37,0
135,38,0
135,39,0
135,40,0
135,41,0
135,42,0
135,43,0
135,44,0
135,45,0
135,46,0
135,47,0
135,48,1
135,49,0
135,50,1
135,51,1
135,52,0
135,53,0
135,54,1
135,55,1
135,56,1
135,57,1
135,58,1
135,59,1
135,60,1
135,61,1
135,62,1
135,63,1
135,64,0
135,65,1
135,66,1
135,67,1
135,68,1
135,69,1
135,70,1
135,71,1
135,72,1
135,73,1
135,74,1
135,75,1
135,76,1
135,77,3
135,78,1
135,79,1
135,80,1
135,81,3
135,82,3
135,83,1
135,84,3
135,85,3
135,86,3
135,87,3
135,88,3
135,89,3
135,90,3
135,91,3
135,92,1
135,93,3
135,94,3
135,95,3
135,96,3
135,97,3
135,98,3
135,99,1
135,100,3
135,101,3
135,102,3
135,103,3
135,104,1
135,105,3
135,106,3
135,107,3
135,108,3
135,109,3
135,110,3
135,111,3
135,112,3
135,113,3
135,114,3
135,115,3
136,1,2
136,2,2
136,3,2
136,4,2
136,5,2
136,6,2
136,7,2
136,8,2
136,9,2
136,10,2
136,11,2
136,12,2
136,13,2
136,14,2
136,15,2
136,16,2
136,17,2
136,18,2
136,19,2
136,20,2
136,21,2
136,22,2
136,23,2
136,24,2
136,25,2
136,26,2
136,27,2
136,28,2
136,29,2
136,30,2
136,31,2
136,32,2
136,33,2
136,34,2
136,35,2
136,36,2
136,37,2
136,38,0
136,39,2
136,40,2
136,41,2
136,42,2
136,43,2
136,44,2
136,45,2
136,46,0
136,47,2
136,48,0
136,49,2
136,50,2
136,51,0
136,52,2
136,53,2
136,54,0
136,55,0
136,56,2
136,57,0
136,58,0
136,59,0
136,60,0
136,61,0
136,62,0
136,63,0
136,64,0
136,65,0
136,66,0
136,67,0
136,68,0
136,69,0
136,70,0
136,71,0
136,72,0
136,73,0
136,74,0
136,75,0
136,76,0
136,77,0
136,78,0
136,79,0
136,80,0
136,81,0
136,82,0
136,83,0
136,84,0
136,85,0
136,86,0
136,87,0
136,88,0
136,89,0
136,90,0
136,91,0
136,92,1
136,93,0
136,94,0
136,95,1
136,96,0
136,97,1
136,98,1
136,99,0
136,100,1
136,101,0
136,102,0
136,103,0
136,104,1
136,105,1
136,106,0
136,107,1
136,108,0
136,109,1
136,110,1
136,111,1
136,112,1
136,113,0
136,114,0
136,115,0
136,116,0
136,117,1
136,118,1
136,119,1
136,120,1
136,121,0
136,122,1
136,123,1
136,124,1
136,125,1
136,126,1
136,127,1
136,128,1
136,129,1
136,130,1
136,131,1
136,132,1
136,133,1
136,134,1
136,135,1
136,136,1
136,137,1
136,138,1
136,139,1
136,140,1
136,141,1
136,142,1
136,143,1
136,144,1
136,145,1
136,146,1
136,147,1
136,148,1
136,149,1
136,150,1
136,151,1
136,152,1
136,153,1
136,154,1
136,155,3
136,156,1
136,157,1
136,158,1
136,159,1
136,160,1
136,161,1
136,162,1
136,163,3
136,164,1
136,165,3
136,166,3
136,167,3
136,168,1
136,169,3
136,170,1
136,171,3
136,172,3
136,173,3
136,174,3
136,175,3
136,176,1
136,177,1
136,178,1
136,179,3
136,180,3
136,181,3
136,182,3
136,183,3
136,184,1
136,185,3
136,186,3
136,187,3
136,188,3
136,189,3
136,190,3
136,191,3
136,192,3
136,193,3
136,194,3
136,195,3
136,196,3
136,197,3
136,198,3
136,199,3
136,200,3
136,201,3
136,202,3
136,203,3
136,204,3
136,205,3
136,206,3
136,207,3
136,208,3
136,209,3
136,210,3
136,211,3
136,212,3
136,213,3
136,214,3
136,215,3
136,216,3
136,217,3
137,1,2
137,2,2
137,3,2
137,4,2
137,5,2
137,6,2
137,7,2
137,8,2
137,9,2
137,10,2
137,11,2
137,12,2
137,13,2
137,14,2
137,15,2
137,16,2
137,17,2
137,18,2
137,19,2
137,20,2
137,21,2
137,22,2
137,23,2
137,24,2
137,25,2
137,26,2
137,27,2
137,28,2
137,29,2
137,30,2
137,31,2
137,32,2
137,33,2
137,34,2
137,35,2
137,36,2
137,37,0
137,38,2
137,39,2
137,40,2
137,41,0
137,42,0
137,43,0
137,44,0
137,45,2
137,46,0
137,47,0
137,48,0
137,49,2
137,50,0
137,51,0
137,52,0
137,53,0
137,54,0
137,55,0
137,56,0
137,57,0
137,58,0
137,59,0
137,60,0
137,61,0
137,62,0
137,63,0
137,64,0
137,65,0
137,66,0
137,67,0
137,68,0
137,69,0
137,70,0
137,71,0
137,72,0
137,73,0
137,74,0
137,75,0
137,76,0
137,77,0
137,78,0
137,79,0
137,80,0
137,81,0
137,82,0
137,83,0
137,84,0
137,85,0
137,86,1
137,87,0
137,88,1
137,89,0
137,90,1
137,91,0
137,92,1
137,93,1
137,94,1
137,95,0
137,96,1
137,97,0
137,98,1
137,99,1
137,100,0
137,101,1
137,102,1
137,103,1
137,104,1
137,105,1
137,106,1
137,107,1
137,108,1
137,109,1
137,110,1
137,111,1
137,112,0
137,113,1
137,114,1
137,115,1
137,116,1
137,117,1
137,118,1
137,119,1
137,120,1
137,121,1
137,122,1
137,123,1
137,124,1
137,125,1
137,126,1
137,127,1
137,128,1
137,129,1
137,130,1
137,131,1
137,132,1
137,133,1
137,134,1
137,135,1
137,136,1
137,137,1
137,138,1
137,139,1
137,140,1
137,141,1
137,142,1
137,143,3
137,144,3
137,145,3
137,146,1
137,147,3
137,148,1
137,149,1
137,150,3
137,151,1
137,152,1
137,153,3
137,154,3
137,155,1
137,156,1
137,157,3
137,158,1
137,159,3
137,160,3
137,161,3
137,162,3
137,163,3
137,164,3
137,165,3
137,166,3
137,167,1
137,168,3
137,169,3
137,170,3
137,171,3
137,172,3
137,173,3
137,174,3
137,175,3
137,176,3
137,177,3
137,178,3
137,179,1
137,180,3
137,181,3
137,182,3
137,183,3
137,184,3
137,185,3
137,186,3
137,187,3
137,188,3
137,189,3
137,190,3
137,191,3
137,192,3
137,193,3
137,194,3
137,195,3
137,196,3
137,197,3
137,198,3
137,199,3
137,200,3
137,201,3
137,202,3
137,203,3
137,204,3
137,205,3
138,1,2
138,2,2
138,3,2
138,4,2
138,5,2
138,6,2
138,7,2
138,8,2
138,9,2
138,10,2
138,11,2
138,12,2
138,13,2
138,14,2
138,15,2
138,16,2
138,17,2
138,18,2
138,19,2
138,20,2
138,21,2
138,22,2
138,23,2
138,24,2
138,25,2
138,26,2
138,27,2
138,28,2
138,29,2
138,30,2
138,31,2
138,32,2
138,33,2
138,34,2
138,35,2
138,36,2
138,37,2
138,38,2
138,39,2
138,40,2
138,41,2
138,42,2
138,43,2
138,44,2
138,45,2
138,46,2
138,47,2
138,48,2
138,49,2
138,50,2
138,51,2
138,52,2
138,53,0
138,54,0
138,55,2
138,56,0
138,57,0
138,58,0
138,59,0
138,60,0
138,61,0
138,62,2
138,63,0
138,64,2
138,65,0
138,66,0
138,67,0
138,68,0
138,69,0
138,70,0
138,71,0
138,72,0
138,73,0
138,74,0
138,75,0
138,76,0
138,77,0
138,78,0
138,79,0
138,80,0
138,81,0
138,82,0
138,83,0
138,84,0
138,85,0
138,86,0
138,87,0
138,88,0
138,89,0
138,90,0
138,91,0
138,92,0
138,93,0
138,94,0
138,95,0
138,96,0
138,97,0
138,98,0
138,99,0
138,100,0
138,101,0
138,102,0
138,103,0
138,104,0
138,105,0
138,106,0
138,107,0
138,108,0
138,109,0
138,110,0
138,111,0
138,112,0
138,113,1
138,114,0
138,115,0
138,116,1
138,117,1
138,118,1
138,119,0
138,120,0
138,121,0
138,122,0
138,123,1
138,124,1
138,125,1
138,126,1
138,127,1
138,128,1
138,129,1
138,130,1
138,131,1
138,132,0
138,133,1
138,134,0
138,135,1
138,136,1
138,137,1
138,138,0
138,139,0
138,140,1
138,141,1
138,142,1
138,143,0
138,144,1
138,145,1
138,146,1
138,147,1
138,148,1
138,149,1
138,150,1
138,151,1
138,152,1
138,153,1
138,154,1
138,155,1
138,156,1
138,157,1
138,158,1
138,159,1
138,160,1
138,161,1
138,162,1
138,163,1
138,164,1
138,165,1
138,166,1
138,167,1
138,168,1
138,169,1
138,170,1
138,171,1
138,172,3
138,173,1
138,174,1
138,175,1
138,176,1
138,177,3
138,178,1
138,179,1
138,180,1
138,181,3
138,182,1
138,183,1
138,184,3
138,185,3
138,186,1
138,187,3
138,188,3
138,189,3
138,190,1
138,191,1
138,192,1
138,193,3
138,194,1
138,195,3
138,196,3
138,197,3
138,198,1
138,199,3
138,200,1
138,201,3
138,202,3
138,203,3
138,204,3
138,205,3
138,206,3
138,207,3
138,208,3
138,209,3
138,210,3
138,211,3
138,212,1
138,213,3
138,214,3
138,215,3
138,216,3
138,217,3
138,218,3
138,219,3
138,220,3
138,221,3
138,222,3
138,223,3
138,224,3
138,225,3
138,226,3
138,227,3
138,228,3
138,229,3
138,230,3
138,231,3
138,232,3
138,233,3
138,234,3
138,235,3
138,236,3
138,237,3
138,238,3
138,239,3
138,240,3
138,241,3
138,242,3
138,243,3
138,244,3
138,245,3
138,246,3
138,247,3
139,1,2
139,2,2
139,3,2
139,4,2
139,5,2
139,6,2
139,7,2
139,8,2
139,9,2
139,10,2
139,11,2
139,12,2
139,13,2
139,14,2
139,15,2
139,16,2
139,17,2
139,18,2
139,19,2
139,20,2
139,21,2
139,22,2
139,23,0
139,24,0
139,25,0
139,26,0
139,27,0
139,28,2
139,29,0
139,30,0
139,31,0
139,32,0
139,33,0
139,34,0
139,35,0
139,36,0
139,37,0
139,38,0
139,39,0
139,40,0
139,41,0
139,42,0
139,43,0
139,44,0
139,45,0
139,46,1
139,47,1
139,48,0
139,49,0
139,50,1
139,51,1
139,52,1
139,53,1
139,54,1
139,55,1
139,56,1
139,57,1
139,58,1
139,59,1
139,60,1
139,61,1
139,62,1
139,63,1
139,64,1
139,65,1
139,66,3
139,67,1
139,68,3
139,69,1
139,70,1
139,71,3
139,72,1
139,73,1
139,74,3
139,75,3
139,76,3
139,77,3
139,78,3
139,79,1
139,80,3
139,81,3
139,82,1
139,83,3
139,84,3
139,85,3
139,86,3
139,87,3
139,88,3
139,89,1
139,90,3
139,91,3
139,92,3
139,93,3
139,94,3
139,95,3
139,96,3
139,97,3
139,98,3
139,99,3
139,100,3
139,101,3
139,102,3
139,103,3
139,104,3
139,105,3
140,1,2
140,2,2
140,3,2
140,4,2
140,5,2
140,6,2
140,7,2
140,8,2
140,9,2
140,10,2
140,11,2
140,12,2
140,13,2
140,14,2
140,15,2
140,16,2
140,17,2
140,18,2
140,19,2
140,20,2
140,21,0
140,22,0
140,23,0
140,24,0
140,25,0
140,26,2
140,27,2
140,28,0
140,29,0
140,30,0
140,31,0
140,32,0
140,33,0
140,34,0
140,35,0
140,36,0
140,37,0
140,38,0
140,39,0
140,40,0
140,41,0
140,42,0
140,43,0
140,44,1
140,45,0
140,46,0
140,47,0
140,48,1
140,49,0
140,50,0
140,51,0
140,52,1
140,53,1
140,54,0
140,55,0
140,56,1
140,57,1
140,58,1
140,59,1
140,60,0
140,61,0
140,62,1
140,63,1
140,64,1
140,65,1
140,66,0
140,67,1
140,68,1
140,69,1
140,70,1
140,71,1
140,72,1
140,73,1
140,74,1
140,75,3
140,76,1
140,77,3
140,78,1
140,79,1
140,80,1
140,81,3
140,82,1
140,83,1
140,84,1
140,85,3
140,86,3
140,87,3
140,88,1
140,89,1
140,90,3
140,91,3
140,92,1
140,93,3
140,94,3
140,95,3
140,96,3
140,97,1
140,98,3
140,99,3
140,100,1
140,101,3
140,102,3
140,103,3
140,104,3
140,105,3
140,106,3
140,107,3
140,108,3
140,109,3
140,110,3
140,111,3
140,112,3
140,113,3
140,114,3
140,115,3
140,116,3
140,117,3
140,118,3
141,1,2
141,2,2
141,3,2
141,4,2
141,5,2
141,6,2
141,7,2
141,8,2
141,9,2
141,10,2
141,11,2
141,12,2
141,13,2
141,14,2
141,15,2
141,16,2
141,17,2
141,18,2
141,19,2
141,20,2
141,21,2
141,22,2
141,23,0
141,24,2
141,25,2
141,26,2
141,27,2
141,28,2
141,29,0
141,30,0
141,31,0
141,32,0
141,33,0
141,34,0
141,35,0
141,36,0
141,37,0
141,38,0
141,39,0
141,40,0
141,41,0
141,42,0
141,43,0
141,44,0
141,45,0
141,46,0
141,47,0
141,48,0
141,49,0
141,50,0
141,51,0
141,52,0
141,53,0
141,54,0
141,55,1
141,56,0
141,57,0
141,58,1
141,59,0
141,60,0
141,61,0
141,62,1
141,63,0
141,64,0
141,65,0
141,66,0
141,67,0
141,68,0
141,69,0
141,70,1
141,71,1
141,72,1
141,73,1
141,74,1
141,75,1
141,76,1
141,77,1
141,78,1
141,79,1
141,80,1
141,81,1
141,82,1
141,83,1
141,84,1
141,85,1
141,86,1
141,87,1
141,88,1
141,89,1
141,90,1
141,91,1
141,92,1
141,93,1
141,94,1
141,95,3
141,96,1
141,97,3
141,98,1
141,99,3
141,100,3
141,101,3
141,102,3
141,103,3
141,104,3
141,105,3
141,106,1
141,107,1
141,108,1
141,109,1
141,110,3
141,111,3
141,112,1
141,113,1
141,114,3
141,115,3
141,116,3
141,117,3
141,118,3
141,119,3
141,120,3
141,121,1
141,122,3
141,123,3
141,124,3
141,125,3
141,126,3
141,127,3
141,128,1
141,129,3
141,130,3
141,131,1
141,132,3
141,133,3
141,134,3
141,135,3
141,136,3
141,137,3
141,138,3
141,139,3
141,140,3
141,141,3
141,142,3
141,143,3
141,144,3
141,145,3
142,1,2
142,2,2
142,3,2
142,4,2
142,5,2
142,6,2
142,7,2
142,8,2
142,9,2
142,10,2
142,11,2
142,12,2
142,13,2
142,14,2
142,15,2
142,16,2
142,17,2
142,18,2
142,19,2
142,20,2
142,21,2
142,22,2
142,23,2
142,24,2
142,25,2
142,26,2
142,27,2
142,28,2
142,29,2
142,30,2
142,31,2
142,32,2
142,33,2
142,34,2
142,35,2
142,36,2
142,37,2
142,38,2
142,39,2
142,40,2
142,41,2
142,42,2
142,43,2
142,44,2
142,45,2
142,46,0
142,47,2
142,48,2
142,49,2
142,50,2
142,51,2
142,52,2
142,53,0
142,54,2
142,55,0
142,56,2
142,57,2
142,58,0
142,59,0
142,60,0
142,61,2
142,62,0
142,63,2
142,64,0
142,65,0
142,66,0
142,67,0
142,68,0
142,69,0
142,70,0
142,71,0
142,72,0
142,73,0
142,74,0
142,75,0
142,76,0
142,77,0
142,78,0
142,79,0
142,80,0
142,81,0
142,82,0
142,83,0
142,84,0
142,85,0
142,86,0
142,87,0
142,88,0
142,89,0
142,90,0
142,91,0
142,92,0
142,93,0
142,94,0
142,95,0
142,96,0
142,97,0
142,98,0
142,99,0
142,100,0
142,101,0
142,102,0
142,103,0
142,104,0
142,105,0
142,106,1
142,107,0
142,108,1
142,109,0
142,110,1
142,111,0
142,112,0
142,113,0
142,114,1
142,115,1
142,116,0
142,117,0
142,118,0
142,119,0
142,120,1
142,121,0
142,122,0
142,123,0
142,124,0
142,125,0
142,126,1
142,127,1
142,128,0
142,129,1
142,130,0
142,131,0
142,132,0
142,133,1
142,134,1
142,135,0
142,136,0
142,137,0
142,138,1
142,139,1
142,140,1
142,141,1
142,142,1
142,143,1
142,144,1
142,145,1
142,146,0
142,147,1
142,148,0
142,149,1
142,150,1
142,151,1
142,152,1
142,153,1
142,154,0
142,155,1
142,156,1
142,157,1
142,158,1
142,159,1
142,160,1
142,161,1
142,162,1
142,163,1
142,164,1
142,165,1
142,166,1
142,167,1
142,168,1
142,169,1
142,170,1
142,171,1
142,172,1
142,173,1
142,174,3
142,175,1
142,176,1
142,177,3
142,178,1
142,179,1
142,180,1
142,181,1
142,182,1
142,183,3
142,184,3
142,185,3
142,186,1
142,187,3
142,188,1
142,189,3
142,190,1
142,191,1
142,192,3
142,193,1
142,194,1
142,195,1
142,196,1
142,197,3
142,198,1
142,199,3
142,200,1
142,201,3
142,202,1
142,203,3
142,204,1
142,205,3
142,206,3
142,207,1
142,208,3
142,209,3
142,210,1
142,211,3
142,212,3
142,213,1
142,214,1
142,215,1
142,216,3
142,217,3
142,218,3
142,219,1
142,220,3
142,221,3
142,222,3
142,223,3
142,224,3
142,225,3
142,226,1
142,227,3
142,228,3
142,229,1
142,230,3
142,231,3
142,232,3
142,233,1
142,234,3
142,235,1
142,236,1
142,237,1
142,238,3
142,239,3
142,240,3
142,241,3
142,242,3
142,243,3
142,244,3
142,245,3
142,246,3
142,247,3
142,248,3
142,249,3
142,250,3
142,251,3
142,252,3
142,253,3
142,254,3
142,255,3
142,256,3
142,257,3
142,258,3
142,259,3
142,260,3
142,261,3
142,262,3
142,263,3
142,264,3
142,265,3
142,266,3
142,267,3
142,268,3
142,269,3
142,270,3
142,271,3
143,1,2
143,2,2
143,3,2
143,4,2
143,5,2
143,6,2
143,7,2
143,8,2
143,9,2
143,10,2
143,11,2
143,12,2
143,13,2
143,14,2
143,15,2
143,16,2
143,17,2
143,18,2
143,19,2
143,20,2
143,21,2
143,22,2
143,23,2
143,24,2
143,25,2
143,26,2
143,27,2
143,28,2
143,29,2
143,30,2
143,31,2
143,32,2
143,33,0
143,34,0
143,35,2
143,36,0
143,37,0
143,38,2
143,39,2
143,40,2
143,41,2
143,42,0
143,43,0
143,44,0
143,45,0
143,46,0
143,47,0
143,48,2
143,49,0
143,50,0
143,51,0
143,52,0
143,53,0
143,54,0
143,55,0
143,56,0
143,57,0
143,58,0
143,59,0
143,60,0
143,61,0
143,62,0
143,63,0
143,64,0
143,65,1
143,66,0
143,67,0
143,68,1
143,69,0
143,70,0
143,71,1
143,72,0
143,73,0
143,74,1
143,75,1
143,76,0
143,77,1
143,78,0
143,79,0
143,80,1
143,81,1
143,82,1
143,83,0
143,84,1
143,85,1
143,86,1
143,87,1
143,88,1
143,89,1
143,90,1
143,91,1
143,92,1
143,93,1
143,94,1
143,95,1
143,96,1
143,97,1
143,98,1
143,99,1
143,100,1
143,101,1
143,102,1
143,103,1
143,104,1
143,105,1
143,106,1
143,107,1
143,108,1
143,109,1
143,110,3
143,111,1
143,112,1
143,113,1
143,114,1
143,115,1
143,116,1
143,117,1
143,118,1
143,119,3
143,120,1
143,121,3
143,122,1
143,123,1
143,124,3
143,125,3
143,126,3
143,127,3
143,128,1
143,129,1
143,130,1
143,131,1
143,132,1
143,133,3
143,134,3
143,135,3
143,136,3
143,137,3
143,138,1
143,139,3
143,140,1
143,141,3
143,142,3
143,143,3
143,144,3
143,145,3
143,146,3
143,147,3
143,148,1
143,149,3
143,150,3
143,151,3
143,152,3
143,153,3
143,154,3
143,155,3
143,156,3
143,157,3
143,158,3
143,159,3
143,160,3
143,161,3
143,162,3
143,163,3
143,164,3
143,165,3
143,166,3
143,167,3
143,168,3
143,169,3
144,1,2
144,2,2
144,3,2
144,4,2
144,5,2
144,6,2
144,7,2
144,8,2
144,9,2
144,10,2
144,11,2
144,12,2
144,13,2
144,14,2
144,15,2
144,16,2
144,17,2
144,18,2
144,19,2
144,20,2
144,21,2
144,22,2
144,23,2
144,24,2
144,25,2
144,26,2
144,27,2
144,28,2
144,29,2
144,30,2
144,31,2
144,32,2
144,33,2
144,34,2
144,35,2
144,36,2
144,37,2
144,38,0
144,39,2
144,40,0
144,41,2
144,42,2
144,43,0
144,44,0
144,45,0
144,46,0
144,47,0
144,48,0
144,49,0
144,50,0
144,51,0
144,52,0
144,53,0
144,54,2
144,55,0
144,56,0
144,57,0
144,58,0
144,59,0
144,60,0
144,61,0
144,62,0
144,63,0
144,64,0
144,65,0
144,66,0
144,67,0
144,68,0
144,69,0
144,70,0
144,71,0
144,72,0
144,73,0
144,74,0
144,75,0
144,76,0
144,77,1
144,78,0
144,79,0
144,80,0
144,81,0
144,82,0
144,83,0
144,84,0
144,85,1
144,86,0
144,87,0
144,88,1
144,89,0
144,90,1
144,91,0
144,92,0
144,93,1
144,94,1
144,95,1
144,96,0
144,97,1
144,98,0
144,99,0
144,100,0
144,101,1
144,102,1
144,103,1
144,104,1
144,105,1
144,106,1
144,107,1
144,108,1
144,109,1
144,110,1
144,111,1
144,112,1
144,113,1
144,114,1
144,115,1
144,116,1
144,117,0
144,118,1
144,119,1
144,120,1
144,121,1
144,122,1
144,123,3
144,124,1
144,125,1
144,126,1
144,127,1
144,128,3
144,129,3
144,130,1
144,131,1
144,132,3
144,133,1
144,134,3
144,135,3
144,136,1
144,137,3
144,138,3
144,139,1
144,140,3
144,141,3
144,142,3
144,143,3
144,144,1
144,145,3
144,146,3
144,147,3
144,148,3
144,149,3
144,150,3
144,151,3
144,152,3
144,153,1
144,154,3
144,155,1
144,156,1
144,157,3
144,158,3
144,159,3
144,160,3
144,161,3
144,162,1
144,163,3
144,164,3
144,165,1
144,166,3
144,167,3
144,168,3
144,169,3
144,170,3
144,171,3
144,172,3
144,173,3
144,174,3
144,175,3
144,176,3
144,177,3
144,178,3
144,179,3
144,180,3
144,181,3
144,182,3
144,183,3
144,184,3
144,185,3
144,186,3
145,1,2
145,2,2
145,3,2
145,4,2
145,5,2
145,6,2
145,7,2
145,8,2
145,9,2
145,10,2
145,11,2
145,12,2
145,13,2
145,14,2
145,15,2
145,16,2
145,17,2
145,18,2
145,19,2
145,20,2
145,21,2
145,22,2
145,23,2
145,24,2
145,25,2
145,26,2
145,27,2
145,28,2
145,29,2
145,30,2
145,31,2
145,32,2
145,33,2
145,34,2
145,35,2
145,36,2
145,37,2
145,38,2
145,39,2
145,40,2
145,41,2
145,42,2
145,43,2
145,44,2
145,45,2
145,46,2
145,47,2
145,48,2
145,49,0
145,50,2
145,51,2
145,52,2
145,53,2
145,54,0
145,55,2
145,56,2
145,57,2
145,58,2
145,59,0
145,60,2
145,61,0
145,62,2
145,63,2
145,64,2
145,65,0
145,66,0
145,67,2
145,68,0
145,69,0
145,70,0
145,71,0
145,72,0
145,73,0
145,74,0
145,75,0
145,76,0
145,77,0
145,78,0
145,79,0
145,80,0
145,81,0
145,82,0
145,83,0
145,84,0
145,85,0
145,86,0
145,87,0
145,88,0
145,89,0
145,90,0
145,91,0
145,92,0
145,93,0
145,94,0
145,95,0
145,96,0
145,97,0
145,98,0
145,99,0
145,100,0
145,101,0
145,102,0
145,103,0
145,104,0
145,105,0
145,106,0
145,107,0
145,108,0
145,109,0
145,110,0
145,111,0
145,112,0
145,113,0
145,114,1
145,115,1
145,116,0
145,117,0
145,118,0
145,119,1
145,120,1
145,121,1
145,122,1
145,123,0
145,124,1
145,125,0
145,126,1
145,127,0
145,128,0
145,129,1
145,130,1
145,131,1
145,132,1
145,133,0
145,134,0
145,135,1
145,136,1
145,137,1
145,138,0
145,139,0
145,140,1
145,141,1
145,142,1
145,143,0
145,144,0
145,145,1
145,146,1
145,147,1
145,148,1
145,149,0
145,150,1
145,151,1
145,152,1
145,153,0
145,154,1
145,155,0
145,156,1
145,157,1
145,158,1
145,159,1
145,160,1
145,161,1
145,162,1
145,163,1
145,164,1
145,165,1
145,166,1
145,167,1
145,168,1
145,169,1
145,170,1
145,171,1
145,172,1
145,173,1
145,174,1
145,175,1
145,176,1
145,177,1
145,178,1
145,179,1
145,180,1
145,181,1
145,182,1
145,183,1
145,184,1
145,185,1
145,186,1
145,187,1
145,188,1
145,189,1
145,190,1
145,191,1
145,192,3
145,193,3
145,194,1
145,195,3
145,196,3
145,197,1
145,198,3
145,199,3
145,200,1
145,201,3
145,202,1
145,203,1
145,204,3
145,205,3
145,206,3
145,207,1
145,208,3
145,209,3
145,210,3
145,211,3
145,212,3
145,213,3
145,214,3
145,215,3
145,216,3
145,217,3
145,218,1
145,219,3
145,220,1
145,221,1
145,222,3
145,223,3
145,224,3
145,225,3
145,226,3
145,227,3
145,228,3
145,229,3
145,230,1
145,231,3
145,232,3
145,233,3
145,234,3
145,235,1
145,236,3
145,237,3
145,238,3
145,239,1
145,240,3
145,241,3
145,242,3
145,243,3
145,244,3
145,245,3
145,246,3
145,247,3
145,248,3
145,249,3
145,250,3
145,251,3
145,252,3
145,253,3
145,254,3
145,255,3
145,256,3
145,257,3
145,258,3
145,259,3
145,260,3
145,261,3
145,262,3
145,263,3
145,264,3
145,265,3
146,1,2
146,2,2
146,3,2
146,4,2
146,5,2
146,6,2
146,7,2
146,8,2
146,9,2
146,10,2
146,11,2
146,12,2
146,13,2
146,14,2
146,15,2
146,16,2
146,17,2
146,18,2
146,19,2
146,20,2
146,21,2
146,22,2
146,23,2
146,24,2
146,25,2
146,26,2
146,27,2
146,28,2
146,29,2
146,30,2
146,31,2
146,32,2
146,33,2
146,34,2
146,35,2
146,36,2
146,37,2
146,38,2
146,39,2
146,40,2
146,41,2
146,42,0
146,43,2
146,44,2
146,45,2
146,46,2
146,47,2
146,48,2
146,49,2
146,50,2
146,51,2
146,52,0
146,53,0
146,54,2
146,55,0
146,56,0
146,57,0
146,58,0
146,59,2
146,60,0
146,61,0
146,62,0
146,63,2
146,64,0
146,65,0
146,66,0
146,67,0
146,68,0
146,69,0
146,70,0
146,71,0
146,72,0
146,73,0
146,74,0
146,75,0
146,76,0
146,77,0
146,78,0
146,79,0
146,80,0
146,81,0
146,82,0
146,83,0
146,84,0
146,85,0
146,86,0
146,87,0
146,88,0
146,89,0
146,90,0
146,91,0
146,92,0
146,93,1
146,94,1
146,95,1
146,96,0
146,97,0
146,98,1
146,99,1
146,100,1
146,101,1
146,102,0
146,103,1
146,104,1
146,105,1
146,106,1
146,107,1
146,108,1
146,109,1
146,110,1
146,111,1
146,112,0
146,113,1
146,114,1
146,115,1
146,116,1
146,117,1
146,118,1
146,119,1
146,120,1
146,121,1
146,122,1
146,123,1
146,124,1
146,125,1
146,126,1
146,127,1
146,128,1
146,129,1
146,130,1
146,131,1
146,132,1
146,133,1
146,134,1
146,135,1
146,136,1
146,137,1
146,138,1
146,139,1
146,140,1
146,141,1
146,142,1
146,143,1
146,144,1
146,145,1
146,146,1
146,147,3
146,148,1
146,149,1
146,150,3
146,151,1
146,152,3
146,153,1
146,154,3
146,155,1
146,156,3
146,157,1
146,158,1
146,159,3
146,160,3
146,161,1
146,162,3
146,163,1
146,164,3
146,165,1
146,166,3
146,167,3
146,168,3
146,169,1
146,170,3
146,171,3
146,172,3
146,173,3
146,174,3
146,175,3
146,176,1
146,177,1
146,178,3
146,179,3
146,180,3
146,181,3
146,182,3
146,183,3
146,184,3
146,185,3
146,186,1
146,187,3
146,188,3
146,189,3
146,190,3
146,191,3
146,192,3
146,193,1
146,194,3
146,195,3
146,196,3
146,197,3
146,198,3
146,199,3
146,200,3
146,201,3
146,202,3
146,203,3
146,204,3
146,205,3
146,206,3
146,207,3
146,208,3
146,209,3
146,210,3
146,211,3
146,212,3
146,213,3
146,214,3
146,215,3
146,216,3
146,217,3
146,218,3
146,219,3
146,220,3
146,221,3
146,222,3
146,223,3
146,224,3
147,1,2
147,2,2
147,3,2
147,4,2
147,5,2
147,6,2
147,7,2
147,8,2
147,9,2
147,10,2
147,11,2
147,12,2
147,13,2
147,14,2
147,15,2
147,16,2
147,17,2
147,18,2
147,19,2
147,20,2
147,21,2
147,22,2
147,23,2
147,24,2
147,25,2
147,26,2
147,27,2
147,28,2
147,29,2
147,30,2
147,31,2
147,32,2
147,33,2
147,34,2
147,35,2
147,36,0
147,37,0
147,38,2
147,39,2
147,40,2
147,41,2
147,42,2
147,43,0
147,44,0
147,45,2
147,46,2
147,47,0
147,48,2
147,49,2
147,50,0
147,51,0
147,52,2
147,53,0
147,54,2
147,55,2
147,56,2
147,57,0
147,58,0
147,59,0
147,60,0
147,61,0
147,62,0
147,63,0
147,64,0
147,65,0
147,66,0
147,67,0
147,68,0
147,69,0
147,70,0
147,71,0
147,72,0
147,73,0
147,74,0
147,75,0
147,76,0
147,77,0
147,78,0
147,79,0
147,80,0
147,81,0
147,82,0
147,83,0
147,84,0
147,85,0
147,86,0
147,87,0
147,88,0
147,89,0
147,90,0
147,91,1
147,92,0
147,93,0
147,94,1
147,95,0
147,96,0
147,97,0
147,98,0
147,99,0
147,100,0
147,101,0
147,102,0
147,103,1
147,104,1
147,105,1
147,106,0
147,107,1
147,108,0
147,109,1
147,110,1
147,111,0
147,112,0
147,113,1
147,114,1
147,115,1
147,116,1
147,117,0
147,118,1
147,119,1
147,120,0
147,121,0
147,122,1
147,123,1
147,124,1
147,125,1
147,126,1
147,127,0
147,128,1
147,129,1
147,130,0
147,131,1
147,132,1
147,133,0
147,134,1
147,135,1
147,136,1
147,137,1
147,138,1
147,139,1
147,140,1
147,141,0
147,142,1
147,143,1
147,144,1
147,145,1
147,146,0
147,147,1
147,148,1
147,149,1
147,150,1
147,151,1
147,152,3
147,153,3
147,154,1
147,155,1
147,156,1
147,157,1
147,158,1
147,159,1
147,160,1
147,161,3
147,162,1
147,163,3
147,164,1
147,165,1
147,166,3
147,167,1
147,168,3
147,169,1
147,170,3
147,171,1
147,172,1
147,173,3
147,174,3
147,175,1
147,176,3
147,177,3
147,178,3
147,179,3
147,180,1
147,181,3
147,182,1
147,183,3
147,184,3
147,185,3
147,186,3
147,187,3
147,188,1
147,189,1
147,190,1
147,191,3
147,192,1
147,193,1
147,194,1
147,195,3
147,196,3
147,197,3
147,198,3
147,199,3
147,200,3
147,201,3
147,202,3
147,203,3
147,204,3
147,205,3
147,206,3
147,207,3
147,208,3
147,209,3
147,210,3
147,211,3
147,212,3
147,213,3
147,214,3
147,215,3
147,216,3
147,217,3
147,218,3
147,219,3
147,220,3
147,221,3
147,222,3
147,223,3
147,224,3
147,225,3
147,226,3
147,227,3
147,228,3
147,229,3
147,230,3
147,231,3
147,232,3
147,233,3
147,234,3
147,235,3
147,236,3
147,237,3
148,1,2
148,2,2
148,3,2
148,4,2
148,5,2
148,6,2
148,7,2
148,8,2
148,9,2
148,10,2
148,11,2
148,12,2
148,13,2
148,14,2
148,15,2
148,16,2
148,17,2
148,18,2
148,19,2
148,20,2
148,21,2
148,22,2
148,23,2
148,24,2
148,25,2
148,26,2
148,27,2
148,28,2
148,29,2
148,30,2
148,31,2
148,32,0
148,33,2
148,34,2
148,35,0
148,36,2
148,37,2
148,38,2
148,39,0
148,40,2
148,41,0
148,42,2
148,43,0
148,44,0
148,45,2
148,46,2
148,47,0
148,48,0
148,49,0
148,50,0
148,51,2
148,52,0
148,53,2
148,54,0
148,55,0
148,56,0
148,57,0
148,58,0
148,59,0
148,60,0
148,61,0
148,62,0
148,63,0
148,64,0
148,65,0
148,66,0
148,67,0
148,68,0
148,69,0
148,70,0
148,71,0
148,72,0
148,73,0
148,74,0
148,75,0
148,76,0
148,77,0
148,78,0
148,79,0
148,80,0
148,81,0
148,82,0
148,83,0
148,84,0
148,85,0
148,86,0
148,87,0
148,88,0
148,89,0
148,90,0
148,91,1
148,92,1
148,93,1
148,94,0
148,95,0
148,96,0
148,97,0
148,98,0
148,99,1
148,100,1
148,101,1
148,102,0
148,103,0
148,104,1
148,105,1
148,106,0
148,107,1
148,108,1
148,109,1
148,110,1
148,111,1
148,112,1
148,113,1
148,114,1
148,115,1
148,116,1
148,117,1
148,118,1
148,119,1
148,120,1
148,121,1
148,122,1
148,123,1
148,124,1
148,125,1
148,126,1
148,127,1
148,128,1
148,129,1
148,130,1
148,131,1
148,132,1
148,133,1
148,134,1
148,135,1
148,136,1
148,137,1
148,138,1
148,139,1
148,140,1
148,141,1
148,142,1
148,143,1
148,144,1
148,145,3
148,146,1
148,147,1
148,148,3
148,149,1
148,150,1
148,151,1
148,152,1
148,153,1
148,154,3
148,155,1
148,156,3
148,157,1
148,158,3
148,159,1
148,160,3
148,161,3
148,162,3
148,163,3
148,164,3
148,165,3
148,166,1
148,167,3
148,168,3
148,169,3
148,170,3
148,171,3
148,172,3
148,173,3
148,174,3
148,175,1
148,176,3
148,177,3
148,178,3
148,179,3
148,180,1
148,181,1
148,182,3
148,183,3
148,184,1
148,185,3
148,186,3
148,187,3
148,188,3
148,189,3
148,190,3
148,191,3
148,192,3
148,193,3
148,194,3
148,195,3
148,196,3
148,197,3
148,198,3
148,199,3
148,200,3
148,201,3
148,202,3
148,203,3
148,204,3
148,205,3
148,206,3
148,207,3
148,208,3
148,209,3
148,210,3
148,211,3
148,212,3
148,213,3
148,214,3
149,1,2
149,2,2
149,3,2
149,4,2
149,5,2
149,6,2
149,7,2
149,8,2
149,9,2
149,10,2
149,11,2
149,12,2
149,13,2
149,14,2
149,15,2
149,16,2
149,17,0
149,18,0
149,19,2
149,20,2
149,21,0
149,22,2
149,23,2
149,24,2
149,25,0
149,26,2
149,27,2
149,28,0
149,29,2
149,30,0
149,31,0
149,32,0
149,33,0
149,34,0
149,35,0
149,36,0
149,37,0
149,38,0
149,39,0
149,40,0
149,41,0
149,42,0
149,43,0
149,44,0
149,45,0
149,46,0
149,47,0
149,48,0
149,49,0
149,50,0
149,51,0
149,52,0
149,53,0
149,54,0
149,55,0
149,56,0
149,57,1
149,58,1
149,59,1
149,60,0
149,61,1
149,62,1
149,63,1
149,64,1
149,65,1
149,66,1
149,67,1
149,68,1
149,69,1
149,70,1
149,71,1
149,72,1
149,73,3
149,74,1
149,75,1
149,76,1
149,77,1
149,78,1
149,79,1
149,80,1
149,81,1
149,82,1
149,83,1
149,84,1
149,85,3
149,86,3
149,87,3
149,88,3
149,89,3
149,90,3
149,91,1
149,92,3
149,93,1
149,94,1
149,95,3
149,96,1
149,97,3
149,98,1
149,99,3
149,100,3
149,101,3
149,102,3
149,103,3
149,104,3
149,105,3
149,106,3
149,107,3
149,108,3
