unit_id,cycle,rul_pred
120,1,95.82505
120,2,105.90054
120,3,117.742355
120,4,115.63885
120,5,106.321106
120,6,101.64344
120,7,108.60188
120,8,108.12478
120,9,109.378006
120,10,107.990204
120,11,102.53098
120,12,101.297325
120,13,97.209564
120,14,96.17283
120,15,91.31176
120,16,100.343796
120,17,93.56829
120,18,100.39232
120,19,97.68885
120,20,99.51342
120,21,95.0744
120,22,90.238014
120,23,94.02551
120,24,89.11663
120,25,91.0536
120,26,93.29896
120,27,90.53861
120,28,98.286026
120,29,98.00122
120,30,81.27537
120,31,85.92407
120,32,83.99268
120,33,83.90264
120,34,82.51829
120,35,82.73992
120,36,84.930214
120,37,85.127304
120,38,87.729
120,39,87.41122
120,40,92.70518
120,41,83.311775
120,42,85.69199
120,43,82.36564
120,44,80.61493
120,45,76.72915
120,46,76.59925
120,47,76.60176
120,48,77.21059
120,49,70.52999
120,50,78.31577
120,51,73.14725
120,52,74.923256
120,53,69.50805
120,54,78.08847
120,55,67.50143
120,56,69.43636
120,57,63.686054
120,58,67.27849
120,59,67.88393
120,60,56.64835
120,61,61.23747
120,62,66.45596
120,63,62.52501
120,64,61.13639
120,65,61.21628
120,66,56.290585
120,67,56.36421
120,68,62.591034
120,69,57.638866
120,70,64.46477
120,71,69.14504
120,72,62.621174
120,73,66.79787
120,74,61.36665
120,75,55.729076
120,76,57.044613
120,77,54.69884
120,78,56.183826
120,79,47.87578
120,80,55.106613
120,81,53.844326
120,82,55.248596
120,83,50.394203
120,84,45.273205
120,85,50.821117
120,86,49.7327
120,87,45.140316
120,88,40.626987
120,89,40.706722
120,90,33.490376
120,91,32.051304
120,92,33.300793
120,93,34.539207
120,94,27.79979
120,95,32.212082
120,96,25.634796
120,97,26.221004
120,98,25.503464
120,99,23.687613
120,100,25.020931
120,101,21.003824
120,102,25.103569
120,103,22.051868
120,104,22.97373
120,105,19.425093
120,106,20.205841
120,107,14.932788
120,108,16.683174
120,109,18.125738
120,110,14.815338
120,111,15.407444
120,112,16.070196
120,113,13.016354
120,114,13.040506
120,115,12.597155
120,116,11.352193
120,117,9.599607
120,118,7.83506
120,119,8.009664
120,120,8.78456
120,121,6.4399147
120,122,7.1287174
120,123,7.0178766
120,124,7.248287
120,125,6.8804283
120,126,4.1018057
121,1,104.46787
121,2,116.029655
121,3,115.723335
121,4,113.13605
121,5,117.27114
121,6,115.188416
121,7,122.591606
121,8,113.83126
121,9,116.16569
121,10,118.84875
121,11,119.28106
121,12,119.94031
121,13,119.09325
121,14,121.89129
121,15,116.48675
121,16,113.37272
121,17,121.404305
121,18,119.17663
121,19,114.88108
121,20,114.36352
121,21,113.62874
121,22,114.819786
121,23,108.480354
121,24,107.980415
121,25,102.07253
121,26,101.13084
121,27,103.500786
121,28,105.27879
121,29,108.6984
121,30,108.64409
121,31,111.86177
121,32,106.87835
121,33,111.13095
121,34,119.48776
121,35,113.15809
121,36,116.17666
121,37,112.2308
121,38,109.424484
121,39,116.07921
121,40,112.246895
121,41,112.985565
121,42,114.773094
121,43,115.3953
121,44,121.46954
121,45,119.19158
121,46,123.58909
121,47,126.210396
121,48,122.941216
121,49,123.63851
121,50,119.014465
121,51,124.988304
121,52,119.86708
121,53,114.43328
121,54,116.67812
121,55,118.232796
121,56,115.40011
121,57,115.95337
121,58,115.17054
121,59,108.82749
121,60,109.077
121,61,105.82589
121,62,104.63005
121,63,104.50173
121,64,102.67501
121,65,104.39329
121,66,100.894966
121,67,98.16702
121,68,92.39021
121,69,102.23853
121,70,102.69009
121,71,92.13441
121,72,87.980995
121,73,91.9564
121,74,86.56597
121,75,85.787926
121,76,90.232765
121,77,90.257576
121,78,89.487495
121,79,93.55824
121,80,90.43236
121,81,97.76243
121,82,96.13875
121,83,84.25066
121,84,78.16635
121,85,84.07607
121,86,83.91822
121,87,81.52482
121,88,78.73378
121,89,79.09429
121,90,82.54253
121,91,78.239235
121,92,75.681206
121,93,77.276886
121,94,76.076904
121,95,75.535194
121,96,73.79051
121,97,72.54685
121,98,68.95679
121,99,75.89727
121,100,70.508156
121,101,72.503334
121,102,58.06499
121,103,57.867302
121,104,52.83591
121,105,56.630154
121,106,53.292336
121,107,49.396652
121,108,45.308086
121,109,42.44029
121,110,41.567234
121,111,50.400127
121,112,44.182037
121,113,45.12395
121,114,39.48107
121,115,41.0925
121,116,38.46217
121,117,41.775448
121,118,40.743595
121,119,39.126125
121,120,43.191784
121,121,35.83498
121,122,33.457985
121,123,30.196524
121,124,27.68661
121,125,30.629368
121,126,30.740368
121,127,27.47205
121,128,29.612068
121,129,29.888485
121,130,24.390682
121,131,28.525127
121,132,28.623415
121,133,24.36382
121,134,21.84071
121,135,27.300236
121,136,21.778778
121,137,21.907246
121,138,17.85473
121,139,19.405891
121,140,17.402254
121,141,16.652529
121,142,12.67313
121,143,11.191895
121,144,11.729597
121,145,13.379311
121,146,13.339301
121,147,12.020802
121,148,11.183614
121,149,11.762416
121,150,10.112623
121,151,8.116448
121,152,9.032732
121,153,9.71478
121,154,7.9355946
121,155,7.8289785
121,156,7.3151875
121,157,5.6189394
121,158,5.356356
121,159,4.421136
121,160,3.9453597
122,1,95.973755
122,2,106.51069
122,3,109.78026
122,4,102.26092
122,5,99.168526
122,6,102.98382
122,7,103.315346
122,8,99.486855
122,9,102.05011
122,10,98.76009
122,11,101.57717
122,12,98.305824
122,13,99.85286
122,14,94.98206
122,15,95.523155
122,16,94.36178
122,17,93.60456
122,18,92.51783
122,19,92.85489
122,20,91.83014
122,21,85.2481
122,22,83.43838
122,23,85.58561
122,24,82.83282
122,25,79.27843
122,26,77.82941
122,27,78.11877
122,28,78.550804
122,29,79.13596
122,30,65.198494
122,31,63.805344
122,32,65.44664
122,33,67.05938
122,34,63.191246
122,35,63.11041
122,36,61.104992
122,37,62.95281
122,38,60.860744
122,39,63.741608
122,40,63.412014
122,41,62.166584
122,42,62.01346
122,43,61.075474
122,44,56.06057
122,45,58.151028
122,46,53.234245
122,47,58.57696
122,48,55.579422
122,49,55.698757
122,50,55.1571
122,51,55.61643
122,52,55.689594
122,53,53.526424
122,54,51.63461
122,55,58.68484
122,56,51.382317
122,57,55.08302
122,58,46.86838
122,59,48.491425
122,60,43.875813
122,61,40.423836
122,62,40.97733
122,63,39.344135
122,64,35.79787
122,65,36.51619
122,66,36.687634
122,67,36.50189
122,68,36.665295
122,69,34.7279
122,70,33.86037
122,71,31.38493
122,72,37.040905
122,73,36.511173
122,74,36.9605
122,75,34.995403
122,76,29.959044
122,77,26.14586
122,78,23.844767
122,79,22.094055
122,80,22.202906
122,81,18.14598
122,82,18.743004
122,83,20.756943
122,84,19.255915
122,85,19.058699
122,86,16.990551
122,87,15.5820465
122,88,13.054582
122,89,13.952781
122,90,12.432764
122,91,10.683253
122,92,8.771463
122,93,7.089445
122,94,5.595093
122,95,3.6825564
122,96,3.5891528
122,97,2.5546765
122,98,2.2022233
122,99,2.4133186
122,100,2.3144567
123,1,109.00413
123,2,121.30691
123,3,119.77177
123,4,122.62347
123,5,121.25171
123,6,120.65918
123,7,120.30305
123,8,124.31925
123,9,128.04234
123,10,129.4363
123,11,130.0
123,12,123.9753
123,13,126.6657
123,14,121.96602
123,15,124.61468
123,16,125.55732
123,17,120.42181
123,18,128.50949
123,19,125.96969
123,20,122.27968
123,21,130.0
123,22,125.093666
123,23,119.93922
123,24,120.85261
123,25,121.542305
123,26,123.76848
123,27,125.61656
123,28,121.27239
123,29,118.35346
123,30,120.70472
123,31,120.36206
123,32,122.34955
123,33,119.47453
123,34,117.53692
123,35,114.89973
123,36,120.25007
123,37,119.10164
123,38,122.38166
123,39,114.81621
123,40,115.92136
123,41,116.803856
123,42,112.112404
123,43,113.16648
123,44,115.45097
123,45,114.057945
123,46,118.97338
123,47,112.415504
123,48,115.95992
123,49,117.25831
123,50,115.97494
123,51,109.17513
123,52,113.167534
123,53,108.32173
123,54,103.240944
123,55,100.33837
123,56,101.957924
123,57,105.43351
123,58,105.332565
123,59,105.58514
123,60,97.82021
123,61,99.470375
123,62,103.50828
123,63,99.49932
123,64,98.595535
123,65,97.37807
123,66,95.76978
123,67,92.74372
123,68,100.08342
123,69,87.571556
123,70,91.97913
123,71,88.21218
123,72,90.33171
123,73,93.50788
123,74,84.254
123,75,84.40545
123,76,83.342255
123,77,77.365036
123,78,84.93443
123,79,88.24123
123,80,85.90261
123,81,84.50077
123,82,84.10557
123,83,85.84142
123,84,79.76724
123,85,81.073845
123,86,76.96703
123,87,72.60391
123,88,68.1486
123,89,68.415276
123,90,66.39905
123,91,58.28671
123,92,54.910797
123,93,58.110683
123,94,55.204
123,95,53.661358
123,96,53.7394
123,97,50.359035
123,98,52.505154
123,99,46.229008
123,100,45.494022
123,101,42.260212
123,102,35.978878
123,103,36.378445
123,104,34.528103
123,105,32.694225
123,106,31.38896
123,107,33.369022
123,108,32.989735
123,109,30.654028
123,110,30.517963
123,111,33.80528
123,112,32.68481
123,113,32.639523
123,114,32.636833
123,115,32.295383
123,116,30.691515
123,117,30.8409
123,118,29.054834
123,119,26.348766
123,120,27.590034
123,121,26.536541
123,122,25.579582
123,123,25.97918
123,124,26.359686
123,125,23.742252
123,126,27.250256
123,127,22.85886
123,128,23.483046
123,129,21.28017
123,130,21.868816
123,131,19.636871
123,132,17.4175
123,133,15.043331
123,134,14.903919
123,135,14.08172
123,136,13.654831
123,137,13.899765
123,138,10.653521
123,139,12.529846
123,140,8.725768
123,141,9.488211
123,142,8.809406
123,143,7.9384794
123,144,8.427394
123,145,7.5541687
123,146,5.685486
123,147,4.679207
123,148,5.402484
123,149,5.672987
123,150,4.9469557
123,151,3.490734
123,152,2.702955
124,1,106.371124
124,2,108.5521
124,3,114.01798
124,4,120.54087
124,5,122.77617
124,6,121.9187
124,7,128.31517
124,8,130.0
124,9,128.9469
124,10,130.0
124,11,130.0
124,12,130.0
124,13,130.0
124,14,130.0
124,15,130.0
124,16,130.0
124,17,130.0
124,18,130.0
124,19,130.0
124,20,130.0
124,21,130.0
124,22,130.0
124,23,130.0
124,24,130.0
124,25,130.0
124,26,130.0
124,27,130.0
124,28,130.0
124,29,130.0
124,30,128.623
124,31,130.0
124,32,129.45853
124,33,130.0
124,34,130.0
124,35,130.0
124,36,130.0
124,37,130.0
124,38,130.0
124,39,130.0
124,40,130.0
124,41,130.0
124,42,130.0
124,43,130.0
124,44,130.0
124,45,130.0
124,46,130.0
124,47,130.0
124,48,128.04478
124,49,130.0
124,50,130.0
124,51,130.0
124,52,130.0
124,53,127.09283
124,54,130.0
124,55,130.0
124,56,125.62579
124,57,123.25179
124,58,125.71743
124,59,124.92831
124,60,124.33555
124,61,122.617165
124,62,123.77755
124,63,127.47469
124,64,121.305595
124,65,125.84901
124,66,129.57436
124,67,123.51253
124,68,119.18619
124,69,128.98427
124,70,123.71526
124,71,130.0
124,72,129.032
124,73,127.03579
124,74,126.3405
124,75,130.0
124,76,128.7501
124,77,130.0
124,78,130.0
124,79,130.0
124,80,130.0
124,81,130.0
124,82,125.7031
124,83,128.80035
124,84,130.0
124,85,128.82901
124,86,130.0
124,87,130.0
124,88,130.0
124,89,130.0
124,90,130.0
124,91,124.986855
124,92,125.441505
124,93,130.0
124,94,121.11993
124,95,128.18605
124,96,130.0
124,97,130.0
124,98,128.86206
124,99,130.0
124,100,129.39157
124,101,130.0
124,102,127.17567
124,103,122.64211
124,104,123.17096
124,105,128.23564
124,106,125.75154
124,107,129.50531
124,108,121.73084
124,109,124.89211
124,110,124.33405
124,111,126.767784
124,112,129.76193
124,113,128.70892
124,114,128.09268
124,115,126.67132
124,116,124.88299
124,117,125.32148
124,118,123.896126
124,119,124.832016
124,120,124.87715
124,121,120.637566
124,122,120.88699
124,123,119.84221
124,124,118.99683
124,125,120.40926
124,126,124.37052
124,127,116.79141
124,128,116.06777
124,129,122.466064
124,130,108.09582
124,131,114.37412
124,132,111.97358
124,133,114.27334
124,134,115.00094
124,135,109.93082
124,136,109.29377
124,137,108.47729
124,138,110.11524
124,139,111.462456
124,140,111.84263
124,141,109.845024
124,142,109.35325
124,143,111.10892
124,144,110.768654
124,145,110.51121
124,146,107.02694
124,147,99.19925
124,148,98.94915
124,149,97.32036
124,150,101.96252
124,151,98.78635
124,152,94.53344
124,153,94.139114
124,154,90.48844
124,155,93.82897
124,156,87.926384
124,157,82.12182
124,158,88.08221
124,159,83.3652
124,160,77.40406
124,161,81.19692
124,162,81.58899
124,163,83.350105
124,164,82.86166
124,165,82.69468
124,166,81.7237
124,167,80.79784
124,168,85.16466
124,169,84.47414
124,170,90.80772
124,171,96.55421
124,172,95.222374
124,173,88.72465
124,174,94.26178
124,175,92.74048
124,176,93.84832
124,177,96.56884
124,178,92.03829
124,179,88.27314
124,180,90.05527
124,181,91.1272
124,182,93.33549
124,183,91.11287
124,184,86.19831
124,185,83.46024
124,186,90.981255
124,187,83.21961
124,188,85.88143
124,189,84.752396
124,190,86.24903
124,191,83.40241
124,192,79.80311
124,193,80.0481
124,194,77.45559
124,195,75.26999
124,196,73.27659
124,197,64.649925
124,198,67.79712
124,199,67.93789
124,200,71.374626
124,201,69.51306
124,202,67.197914
124,203,68.519394
124,204,69.02642
124,205,65.71782
124,206,71.288124
124,207,65.568245
124,208,59.493275
124,209,61.17078
124,210,61.411297
124,211,55.765007
124,212,56.99748
124,213,62.388176
124,214,59.597294
124,215,58.067417
124,216,59.615734
124,217,53.870712
124,218,57.336536
124,219,52.62147
124,220,52.651737
124,221,47.38278
124,222,50.476933
124,223,49.550037
124,224,48.89004
124,225,48.42218
124,226,41.491314
124,227,39.331066
124,228,47.96984
124,229,44.483288
124,230,43.46847
124,231,38.28049
124,232,35.699352
124,233,34.207447
124,234,31.41998
124,235,30.150902
124,236,29.222519
124,237,28.741692
124,238,31.63072
124,239,29.23159
124,240,27.33044
124,241,29.550333
124,242,25.200474
124,243,27.068
124,244,32.015038
124,245,28.05405
124,246,24.713129
124,247,24.645676
124,248,26.138279
124,249,23.997644
124,250,23.702915
124,251,25.475872
124,252,20.475346
124,253,22.199743
124,254,21.246836
124,255,21.96076
124,256,18.36961
124,257,15.068237
124,258,15.897049
124,259,14.396706
124,260,17.603724
124,261,17.814491
124,262,11.281477
124,263,16.075283
124,264,16.799984
124,265,12.750877
124,266,11.591952
124,267,10.416144
124,268,12.747378
124,269,10.3975115
124,270,11.22477
124,271,8.612451
124,272,5.2623634
124,273,5.526745
124,274,3.737096
124,275,4.895584
124,276,5.3353295
125,1,91.263695
125,2,113.19387
125,3,111.40324
125,4,109.36547
125,5,112.124664
125,6,114.02827
125,7,104.323715
125,8,117.76985
125,9,122.01707
125,10,112.21259
125,11,109.53698
125,12,103.7367
125,13,105.09466
125,14,109.521706
125,15,108.847755
125,16,106.00548
125,17,105.97671
125,18,109.99717
125,19,110.55784
125,20,101.424576
125,21,105.20158
125,22,104.03873
125,23,100.45525
125,24,101.88177
125,25,99.74624
125,26,99.84304
125,27,96.4849
125,28,95.008804
125,29,99.28331
125,30,89.4705
125,31,85.73719
125,32,81.12795
125,33,77.3353
125,34,71.48521
125,35,66.49312
125,36,68.977
125,37,60.014553
125,38,63.610523
125,39,63.977516
125,40,59.25478
125,41,59.772602
125,42,56.149662
125,43,53.73746
125,44,51.703632
125,45,50.101986
125,46,46.145798
125,47,48.89912
125,48,48.86515
125,49,44.387028
125,50,42.686954
125,51,41.254993
125,52,42.915615
125,53,42.59113
125,54,43.474026
125,55,39.763718
125,56,43.225887
125,57,42.750557
125,58,41.72053
125,59,39.22257
125,60,40.77315
125,61,39.594784
125,62,36.749672
125,63,38.41441
125,64,36.65635
125,65,38.05839
125,66,39.2305
125,67,36.42795
125,68,34.921375
125,69,35.61585
125,70,34.93069
125,71,31.594835
125,72,32.216415
125,73,30.995743
125,74,30.567963
125,75,29.172623
125,76,33.242603
125,77,34.411537
125,78,32.040764
125,79,31.20152
125,80,28.902699
125,81,27.444607
125,82,25.586926
125,83,25.071714
125,84,25.71027
125,85,25.014975
125,86,22.989922
125,87,24.136143
125,88,22.57882
125,89,22.201164
125,90,19.949837
125,91,20.080824
125,92,17.673416
125,93,17.554869
125,94,16.650698
125,95,14.183849
125,96,12.174664
125,97,11.703589
125,98,10.842696
125,99,10.7223015
125,100,13.262839
125,101,12.214811
125,102,12.314381
125,103,9.631681
125,104,8.854917
125,105,7.0188627
125,106,5.6386337
125,107,3.686169
125,108,3.8872745
125,109,3.966845
126,1,107.984764
126,2,118.906364
126,3,113.94511
126,4,118.12934
126,5,122.60432
126,6,119.55856
126,7,117.95164
126,8,119.225365
126,9,121.15487
126,10,119.10372
126,11,118.91399
126,12,119.518585
126,13,121.57679
126,14,115.67872
126,15,114.55019
126,16,112.69839
126,17,112.832085
126,18,111.71926
126,19,119.23369
126,20,106.5415
126,21,113.95769
126,22,116.394264
126,23,115.08119
126,24,113.08613
126,25,111.02279
126,26,107.16786
126,27,114.34991
126,28,117.26454
126,29,115.440544
126,30,119.33564
126,31,122.679985
126,32,124.29637
126,33,122.821625
126,34,121.891106
126,35,119.38731
126,36,115.68835
126,37,119.61027
126,38,120.284706
126,39,125.2091
126,40,122.19123
126,41,123.58542
126,42,122.135155
126,43,122.661316
126,44,124.112755
126,45,124.28655
126,46,122.49636
126,47,117.4552
126,48,120.089714
126,49,121.08799
126,50,119.73342
126,51,122.36814
126,52,124.204765
126,53,117.379295
126,54,121.879974
126,55,123.11471
126,56,122.333885
126,57,123.66507
126,58,125.03445
126,59,120.86042
126,60,119.583
126,61,121.76597
126,62,124.22665
126,63,125.246284
126,64,117.953514
126,65,121.69253
126,66,125.07616
126,67,123.30444
126,68,121.242165
126,69,118.80761
126,70,119.14359
126,71,119.88508
126,72,119.40626
126,73,120.61517
126,74,124.00677
126,75,124.595634
126,76,120.5296
126,77,119.59306
126,78,115.57856
126,79,113.948204
126,80,121.19216
126,81,120.91091
126,82,120.32551
126,83,117.59377
126,84,117.61703
126,85,127.35309
126,86,123.0353
126,87,124.11094
126,88,119.70352
126,89,123.60984
126,90,121.21406
126,91,120.87736
126,92,124.57527
126,93,114.803825
126,94,114.842285
126,95,116.1527
126,96,113.49056
126,97,112.83111
126,98,107.88667
126,99,107.60354
126,100,95.7011
126,101,89.74022
126,102,93.24183
126,103,90.92031
126,104,86.88596
126,105,82.4972
126,106,81.98617
126,107,87.85895
126,108,76.62249
126,109,76.54932
126,110,72.68632
126,111,70.228745
126,112,66.50593
126,113,62.45791
126,114,63.67824
126,115,64.656555
126,116,70.34444
126,117,73.16227
126,118,76.502495
126,119,74.40589
126,120,74.26461
126,121,76.07168
126,122,87.373405
126,123,79.813545
126,124,86.554955
126,125,81.00122
126,126,84.3962
126,127,83.65343
126,128,79.11867
126,129,81.47164
126,130,88.47783
126,131,86.76674
126,132,80.24826
126,133,87.98254
126,134,82.08253
126,135,84.28709
126,136,78.48979
126,137,78.40622
126,138,79.83906
126,139,74.757904
126,140,80.83673
126,141,74.00108
126,142,72.15801
126,143,66.54983
126,144,63.654385
126,145,57.734562
126,146,57.735645
126,147,58.335476
126,148,52.961258
126,149,51.559128
126,150,51.8882
126,151,50.38956
126,152,49.874947
126,153,43.618813
126,154,42.245914
126,155,43.57413
126,156,42.856747
126,157,36.839603
126,158,33.125534
126,159,39.036777
126,160,41.49299
126,161,39.98261
126,162,40.067135
126,163,41.670223
126,164,48.017128
126,165,39.67985
126,166,46.249187
126,167,41.18442
126,168,40.339813
126,169,39.08299
126,170,45.857807
126,171,48.674473
126,172,46.25955
126,173,42.02966
126,174,44.430244
126,175,48.0455
126,176,38.39211
126,177,40.99013
126,178,40.226875
126,179,35.64535
126,180,40.123817
126,181,34.152508
126,182,37.602406
126,183,34.84414
126,184,30.615513
126,185,30.99026
126,186,31.877522
126,187,30.388826
126,188,24.33967
126,189,19.658375
126,190,17.200184
126,191,22.43113
126,192,19.639223
126,193,17.907854
126,194,17.114706
126,195,17.860046
126,196,17.634317
126,197,13.801064
126,198,9.973791
126,199,10.040854
126,200,9.52485
126,201,8.932585
126,202,8.279841
126,203,7.04842
126,204,7.5553417
126,205,8.182083
126,206,9.285127
126,207,6.0432653
126,208,6.602701
127,1,106.53246
127,2,116.23553
127,3,113.398125
127,4,111.0917
127,5,102.82041
127,6,104.42614
127,7,104.84936
127,8,103.585625
127,9,107.32096
127,10,101.9034
127,11,101.61414
127,12,100.60126
127,13,92.36991
127,14,97.170135
127,15,90.76905
127,16,81.437294
127,17,80.33042
127,18,75.638664
127,19,73.50996
127,20,75.94123
127,21,74.76184
127,22,66.12339
127,23,65.85874
127,24,60.132027
127,25,55.115013
127,26,52.930294
127,27,49.801296
127,28,49.207882
127,29,39.09952
127,30,34.577656
127,31,36.824894
127,32,35.35136
127,33,33.333645
127,34,34.207104
127,35,30.714123
127,36,30.283817
127,37,29.808914
127,38,29.810583
127,39,27.88134
127,40,28.179642
127,41,29.38002
127,42,26.913425
127,43,24.736702
127,44,25.657887
127,45,23.439535
127,46,22.032028
127,47,21.839699
127,48,20.203215
127,49,19.203457
127,50,18.780106
127,51,20.450872
127,52,18.978956
127,53,16.355606
127,54,16.492529
127,55,16.84379
127,56,13.707311
127,57,12.387679
127,58,10.627566
127,59,9.845925
127,60,9.193588
127,61,7.9564905
127,62,5.9374495
127,63,5.1494665
127,64,3.1974258
127,65,2.8550205
127,66,2.66152
127,67,2.5079553
127,68,2.444734
127,69,2.3451977
127,70,2.3899095
128,1,92.8283
128,2,103.94175
128,3,99.35592
128,4,106.51928
128,5,111.99426
128,6,110.41045
128,7,112.70644
128,8,111.60612
128,9,114.051476
128,10,120.49941
128,11,115.3645
128,12,117.90069
128,13,124.573944
128,14,122.92942
128,15,126.04834
128,16,126.47189
128,17,120.82191
128,18,130.0
128,19,127.57453
128,20,130.0
128,21,128.9879
128,22,130.0
128,23,124.83982
128,24,126.396355
128,25,125.119705
128,26,125.21711
128,27,118.570915
128,28,118.54078
128,29,120.06137
128,30,123.38987
128,31,121.92686
128,32,121.588005
128,33,115.260765
128,34,115.463455
128,35,110.50973
128,36,115.79058
128,37,117.00477
128,38,113.10825
128,39,112.94416
128,40,117.17335
128,41,114.0595
128,42,119.34973
128,43,113.32226
128,44,110.95515
128,45,113.55978
128,46,111.11658
128,47,115.27444
128,48,114.844154
128,49,118.2723
128,50,112.934006
128,51,113.756996
128,52,114.42307
128,53,109.21186
128,54,110.81955
128,55,109.117676
128,56,113.14266
128,57,109.013725
128,58,105.16064
128,59,109.56025
128,60,110.410904
128,61,110.08504
128,62,109.477715
128,63,108.73769
128,64,108.58906
128,65,101.37433
128,66,99.24096
128,67,104.39567
128,68,99.40774
128,69,92.9979
128,70,94.69291
128,71,95.83536
128,72,99.31887
128,73,96.21585
128,74,97.878784
128,75,94.86292
128,76,92.147514
128,77,87.22375
128,78,95.54696
128,79,91.945625
128,80,102.91273
128,81,96.6141
128,82,92.29847
128,83,89.576866
128,84,88.69278
128,85,91.21304
128,86,89.40847
128,87,92.3395
128,88,96.492485
128,89,93.63206
128,90,97.36387
128,91,97.59347
128,92,92.37611
128,93,87.85932
128,94,77.626274
128,95,74.59689
128,96,75.63759
128,97,70.350624
128,98,67.32027
128,99,62.249752
128,100,58.20679
128,101,56.434856
128,102,52.638645
128,103,54.662724
128,104,53.44745
128,105,53.418026
128,106,57.7256
128,107,53.382504
128,108,50.663822
128,109,51.47652
128,110,59.785366
128,111,53.085487
128,112,51.48296
128,113,44.671894
128,114,43.390663
128,115,43.235867
128,116,40.753284
128,117,48.13364
128,118,45.737644
128,119,43.20561
128,120,45.071243
128,121,47.223034
128,122,51.453243
128,123,42.732708
128,124,35.376114
128,125,32.45556
128,126,38.515915
128,127,35.941353
128,128,30.919346
128,129,32.232136
128,130,27.587852
128,131,31.548862
128,132,26.550003
128,133,28.388823
128,134,30.353588
128,135,32.345726
128,136,30.782646
128,137,30.253601
128,138,28.045834
128,139,24.739998
128,140,26.301964
128,141,24.664923
128,142,25.827755
128,143,26.9057
128,144,18.603153
128,145,20.48356
128,146,18.135506
128,147,20.535717
128,148,21.638933
128,149,17.484728
128,150,19.396643
128,151,16.337221
128,152,15.715134
128,153,13.043597
128,154,15.39597
128,155,11.103323
128,156,11.14672
128,157,6.2521095
128,158,6.75222
128,159,7.453621
128,160,4.944257
128,161,5.644229
128,162,5.5409245
128,163,6.3041925
128,164,4.274026
128,165,3.9887178
129,1,95.94517
129,2,103.68601
129,3,101.18809
129,4,104.222084
129,5,104.867836
129,6,108.19721
129,7,114.90977
129,8,112.17194
129,9,115.48444
129,10,126.34911
129,11,127.70288
129,12,125.26102
129,13,123.233086
129,14,119.11243
129,15,124.89295
129,16,122.49734
129,17,121.86405
129,18,120.267746
129,19,117.11887
129,20,123.89234
129,21,122.53561
129,22,116.26615
129,23,121.68797
129,24,125.90074
129,25,126.539406
129,26,125.741455
129,27,121.06062
129,28,123.89127
129,29,126.497765
129,30,123.3474
129,31,127.678764
129,32,130.0
129,33,126.60357
129,34,129.27989
129,35,127.422585
129,36,129.0815
129,37,128.08968
129,38,129.59528
129,39,130.0
129,40,130.0
129,41,130.0
129,42,130.0
129,43,130.0
129,44,130.0
129,45,130.0
129,46,130.0
129,47,130.0
129,48,130.0
129,49,130.0
129,50,130.0
129,51,130.0
129,52,130.0
129,53,126.32309
129,54,130.0
129,55,125.70076
129,56,127.98187
129,57,129.02386
129,58,127.40848
129,59,130.0
129,60,125.5604
129,61,122.20902
129,62,123.45649
129,63,123.85612
129,64,126.281425
129,65,126.387024
129,66,122.974846
129,67,125.34905
129,68,125.23263
129,69,127.34513
129,70,130.0
129,71,128.24956
129,72,129.7816
129,73,130.0
129,74,129.53304
129,75,130.0
129,76,130.0
129,77,130.0
129,78,130.0
129,79,126.79838
129,80,129.8652
129,81,130.0
129,82,130.0
129,83,130.0
129,84,130.0
129,85,130.0
129,86,130.0
129,87,130.0
129,88,130.0
129,89,130.0
129,90,130.0
129,91,129.43301
129,92,130.0
129,93,130.0
129,94,130.0
129,95,130.0
129,96,130.0
129,97,130.0
129,98,129.5455
129,99,123.95358
129,100,129.19801
129,101,120.52736
129,102,121.3505
129,103,129.50111
129,104,128.34288
129,105,125.91593
129,106,128.3
129,107,129.96063
129,108,129.40436
129,109,125.83355
129,110,122.449295
129,111,123.15627
129,112,123.57952
129,113,128.79996
129,114,122.61533
129,115,119.26008
129,116,122.23711
129,117,117.01235
129,118,113.82635
129,119,120.91886
129,120,114.893166
129,121,116.33337
129,122,115.24887
129,123,115.00711
129,124,111.019165
129,125,109.91935
129,126,117.61492
129,127,108.050674
129,128,110.24909
129,129,98.91967
129,130,108.629555
129,131,109.46223
129,132,105.44788
129,133,106.70147
129,134,107.18591
129,135,104.84448
129,136,102.69193
129,137,107.59583
129,138,100.99813
129,139,97.61877
129,140,98.25891
129,141,96.74998
129,142,89.45115
129,143,107.24664
129,144,100.95268
129,145,104.707886
129,146,106.88032
129,147,105.3485
129,148,98.24381
129,149,100.19344
129,150,91.63064
129,151,94.94242
129,152,96.292595
129,153,93.17672
129,154,88.36504
129,155,91.19669
129,156,92.1914
129,157,89.89856
129,158,94.73837
129,159,90.1697
129,160,85.66285
129,161,89.50774
129,162,90.317
129,163,85.221245
129,164,86.27155
129,165,87.04713
129,166,83.99718
129,167,86.649254
129,168,86.96238
129,169,83.388695
129,170,83.106224
129,171,87.5782
129,172,83.17046
129,173,91.382614
129,174,87.55094
129,175,88.18063
129,176,90.19421
129,177,87.75369
129,178,90.19862
129,179,89.73963
129,180,91.13807
129,181,85.98729
129,182,87.917305
129,183,88.02299
129,184,87.692856
129,185,75.435486
129,186,78.26996
129,187,71.946495
129,188,74.325386
129,189,71.08456
129,190,62.341747
129,191,60.28697
129,192,65.54217
129,193,66.28222
129,194,60.584995
129,195,58.17139
129,196,55.233788
129,197,51.339085
129,198,41.686512
129,199,47.676872
129,200,49.54409
129,201,47.420795
129,202,46.25503
129,203,48.54394
129,204,50.084335
129,205,45.089108
129,206,44.23656
129,207,43.30145
129,208,43.95796
129,209,45.36806
129,210,45.86289
129,211,47.858784
129,212,45.39619
129,213,49.65739
129,214,54.330196
129,215,47.34565
129,216,43.403305
129,217,47.966183
129,218,49.91293
129,219,43.08518
129,220,40.99728
129,221,42.23285
129,222,40.976475
129,223,41.824726
129,224,42.652866
129,225,39.1321
129,226,40.629574
129,227,42.356625
129,228,39.687153
129,229,41.069813
129,230,34.96848
129,231,41.335728
129,232,35.160393
129,233,36.46307
129,234,37.38646
129,235,31.484776
129,236,26.916403
129,237,29.479057
129,238,28.03024
129,239,28.50272
129,240,31.059917
129,241,28.785797
129,242,28.446432
129,243,27.706367
129,244,26.819895
129,245,31.370083
129,246,26.498846
129,247,23.132076
129,248,24.384037
129,249,17.260551
129,250,17.43364
129,251,20.958084
129,252,17.683884
129,253,18.171879
129,254,19.69588
129,255,17.609173
129,256,16.431831
129,257,16.519798
129,258,17.668182
129,259,18.122835
129,260,14.622389
129,261,19.423748
129,262,14.494331
129,263,10.414919
129,264,14.028979
129,265,9.473888
129,266,11.451082
129,267,9.266955
129,268,6.9582367
129,269,7.863534
129,270,9.910537
129,271,10.972088
129,272,7.8568783
129,273,7.5696144
130,1,100.679436
130,2,112.48129
130,3,111.8035
130,4,114.89448
130,5,109.27195
130,6,113.71162
130,7,112.23988
130,8,110.672066
130,9,118.829346
130,10,115.16398
130,11,120.80016
130,12,113.80975
130,13,121.51394
130,14,115.8143
130,15,122.291855
130,16,118.03877
130,17,118.00209
130,18,123.159744
130,19,119.16145
130,20,116.3564
130,21,122.74592
130,22,125.324356
130,23,127.31743
130,24,124.77885
130,25,129.46936
130,26,125.564445
130,27,121.94425
130,28,125.62815
130,29,122.49771
130,30,121.3965
130,31,126.189064
130,32,124.74827
130,33,123.76716
130,34,122.14576
130,35,119.50655
130,36,122.39146
130,37,120.263115
130,38,124.137985
130,39,123.92963
130,40,118.98559
130,41,119.58231
130,42,123.82798
130,43,124.05056
130,44,125.61733
130,45,116.48766
130,46,123.263435
130,47,123.06666
130,48,123.98469
130,49,118.10163
130,50,123.5709
130,51,121.78417
130,52,116.058815
130,53,112.9878
130,54,115.85502
130,55,120.460365
130,56,121.87101
130,57,120.16491
130,58,120.53808
130,59,117.81098
130,60,115.938576
130,61,111.86428
130,62,109.591995
130,63,114.46593
130,64,110.16787
130,65,112.514015
130,66,115.18
130,67,111.47801
130,68,112.05875
130,69,110.00764
130,70,108.41516
130,71,110.302574
130,72,107.58054
130,73,105.562004
130,74,110.08348
130,75,109.21003
130,76,114.87708
130,77,108.78707
130,78,110.581566
130,79,115.61979
130,80,121.229294
130,81,119.94194
130,82,119.53291
130,83,117.881485
130,84,116.31939
130,85,118.05912
130,86,119.24741
130,87,117.93447
130,88,119.03637
130,89,122.60096
130,90,119.78583
130,91,118.81211
130,92,116.20324
130,93,121.12943
130,94,122.90727
130,95,122.47686
130,96,116.66087
130,97,123.52169
130,98,116.77678
130,99,109.36001
130,100,110.69101
130,101,116.43539
130,102,113.556885
130,103,111.9636
130,104,115.071815
130,105,108.26296
130,106,104.821175
130,107,101.62519
130,108,96.07978
130,109,98.8662
130,110,100.17971
130,111,103.7364
130,112,93.366516
130,113,97.023346
130,114,95.58535
130,115,100.41761
130,116,92.92758
130,117,96.28084
130,118,94.00388
130,119,96.52151
130,120,91.342186
130,121,95.27032
130,122,101.012
130,123,101.78444
130,124,100.7483
130,125,102.17773
130,126,99.409935
130,127,101.31049
130,128,94.99456
130,129,94.78632
130,130,97.497986
130,131,96.08918
130,132,89.1022
130,133,88.96125
130,134,94.98403
130,135,88.764626
130,136,90.766624
130,137,87.57803
130,138,88.08147
130,139,93.23116
130,140,81.79016
130,141,88.43716
130,142,82.48007
130,143,80.77383
130,144,79.65543
130,145,82.29994
130,146,84.65943
130,147,78.249054
130,148,69.7772
130,149,68.96995
130,150,67.27355
130,151,61.167202
130,152,62.74647
130,153,65.69546
130,154,69.12035
130,155,60.487774
130,156,64.573814
130,157,57.993877
130,158,61.44855
130,159,51.006474
130,160,57.94143
130,161,52.382923
130,162,51.40957
130,163,44.451557
130,164,47.025658
130,165,47.62038
130,166,48.41704
130,167,46.91033
130,168,48.492493
130,169,47.91499
130,170,44.690258
130,171,41.10564
130,172,49.35877
130,173,49.59609
130,174,47.537487
130,175,47.171093
130,176,52.18083
130,177,52.51721
130,178,46.297314
130,179,46.50369
130,180,40.996716
130,181,39.132946
130,182,42.412525
130,183,45.816418
130,184,41.394115
130,185,45.6532
130,186,43.750534
130,187,38.894547
130,188,36.71372
130,189,36.300854
130,190,35.485806
130,191,31.590977
130,192,31.530321
130,193,29.421232
130,194,30.179455
130,195,28.291645
130,196,29.718597
130,197,32.044468
130,198,27.296772
130,199,26.411339
130,200,21.376709
130,201,16.989828
130,202,15.310532
130,203,15.649489
130,204,17.226376
130,205,13.4529085
130,206,15.830048
130,207,13.259424
130,208,12.455029
130,209,12.51561
130,210,13.389677
130,211,10.472804
130,212,7.4690313
130,213,8.786919
130,214,8.804545
130,215,9.365662
130,216,10.413756
130,217,13.317994
130,218,11.881485
130,219,4.9186044
130,220,4.935069
130,221,4.4643536
130,222,6.450632
130,223,5.243868
131,1,108.195625
131,2,100.88171
131,3,109.54865
131,4,115.742226
131,5,118.79156
131,6,119.96313
131,7,114.5976
131,8,114.72336
131,9,113.64417
131,10,112.94416
131,11,103.60022
131,12,111.41865
131,13,113.32018
131,14,118.383644
131,15,118.29951
131,16,115.87255
131,17,118.36019
131,18,119.64699
131,19,117.654076
131,20,117.44135
131,21,115.34428
131,22,111.83289
131,23,112.97335
131,24,115.49635
131,25,113.88236
131,26,118.95893
131,27,114.270256
131,28,115.5093
131,29,123.76299
131,30,122.55293
131,31,123.02178
131,32,118.809944
131,33,117.805275
131,34,124.14266
131,35,117.46189
131,36,121.515144
131,37,121.77601
131,38,117.36252
131,39,116.71715
131,40,119.37229
131,41,120.413956
131,42,121.7635
131,43,118.179306
131,44,120.77391
131,45,118.07072
131,46,121.30387
131,47,117.74581
131,48,115.28199
131,49,111.79566
131,50,113.914665
131,51,117.49044
131,52,111.963234
131,53,113.1462
131,54,114.561325
131,55,111.58271
131,56,113.31779
131,57,113.49383
131,58,108.76365
131,59,112.77907
131,60,111.41898
131,61,120.993965
131,62,113.934845
131,63,118.057884
131,64,119.080956
131,65,118.66926
131,66,119.04562
131,67,117.717
131,68,116.52352
131,69,114.361
131,70,115.15853
131,71,121.250595
131,72,120.74294
131,73,115.62905
131,74,121.32731
131,75,115.60291
131,76,116.884254
131,77,108.40144
131,78,110.87864
131,79,105.669556
131,80,109.85187
131,81,102.43954
131,82,102.06797
131,83,98.6594
131,84,95.8366
131,85,97.27741
131,86,93.36768
131,87,95.10118
131,88,89.267555
131,89,96.39083
131,90,89.733475
131,91,82.919624
131,92,81.25947
131,93,79.55267
131,94,79.41984
131,95,80.06141
131,96,77.51327
131,97,76.537384
131,98,70.83014
131,99,68.54705
131,100,66.20733
131,101,73.66085
131,102,76.5821
131,103,76.39687
131,104,82.292854
131,105,80.90492
131,106,80.39463
131,107,82.81302
131,108,84.23415
131,109,84.5131
131,110,85.1165
131,111,76.09409
131,112,74.67423
131,113,78.95138
131,114,71.7209
131,115,75.18223
131,116,71.872475
131,117,70.22867
131,118,75.99644
131,119,78.018364
131,120,67.87849
131,121,65.93937
131,122,62.49354
131,123,63.830692
131,124,65.71355
131,125,68.14585
131,126,70.195244
131,127,67.968216
131,128,67.90743
131,129,59.83218
131,130,52.883606
131,131,57.213856
131,132,56.75346
131,133,56.317127
131,134,50.66491
131,135,46.787933
131,136,46.721516
131,137,46.473457
131,138,45.512627
131,139,42.442425
131,140,45.765163
131,141,38.522823
131,142,40.230354
131,143,40.871876
131,144,40.209576
131,145,39.399967
131,146,37.42073
131,147,40.004795
131,148,36.46452
131,149,40.208782
131,150,32.0638
131,151,31.595728
131,152,28.563843
131,153,27.822475
131,154,24.755527
131,155,27.658077
131,156,23.4866
131,157,25.787514
131,158,28.03387
131,159,25.830917
131,160,26.226627
131,161,24.973593
131,162,24.87901
131,163,26.937046
131,164,20.87829
131,165,25.582378
131,166,16.561586
131,167,21.144955
131,168,16.323114
131,169,16.682955
131,170,14.448566
131,171,11.525982
131,172,10.194632
131,173,8.742619
131,174,8.994832
131,175,10.083797
131,176,11.405973
131,177,9.948353
131,178,6.820945
131,179,7.6833344
131,180,6.074191
131,181,5.789365
131,182,6.6609516
131,183,4.3756056
132,1,89.3179
132,2,100.74287
132,3,105.01169
132,4,104.62841
132,5,99.89614
132,6,101.99163
132,7,93.06071
132,8,94.881935
132,9,97.34637
132,10,98.19336
132,11,96.3818
132,12,95.9773
132,13,96.84882
132,14,94.680115
132,15,91.12472
132,16,92.74723
132,17,90.61979
132,18,88.80297
132,19,90.04402
132,20,86.37875
132,21,81.669624
132,22,82.54885
132,23,78.10267
132,24,81.33776
132,25,77.9679
132,26,77.83813
132,27,81.17327
132,28,78.04009
132,29,83.1017
132,30,64.08464
132,31,57.84073
132,32,63.128788
132,33,66.69288
132,34,64.96128
132,35,57.03283
132,36,59.024494
132,37,53.94784
132,38,52.54433
132,39,53.300983
132,40,58.397068
132,41,53.72153
132,42,51.205093
132,43,53.798
132,44,59.41881
132,45,56.79092
132,46,52.546627
132,47,51.65469
132,48,49.47763
132,49,47.137066
132,50,48.896793
132,51,46.576336
132,52,43.45504
132,53,44.06836
132,54,40.33553
132,55,39.90814
132,56,40.65247
132,57,35.012974
132,58,37.185543
132,59,34.837543
132,60,35.703693
132,61,32.581707
132,62,33.37512
132,63,31.632683
132,64,29.610027
132,65,29.872326
132,66,28.219595
132,67,30.36594
132,68,23.567307
132,69,23.069511
132,70,22.95364
132,71,21.61899
132,72,20.275368
132,73,17.750786
132,74,18.750034
132,75,17.08752
132,76,15.406268
132,77,16.588287
132,78,14.998537
132,79,14.226098
132,80,11.355078
132,81,10.742149
132,82,8.336682
132,83,7.570325
132,84,7.2522306
132,85,7.394704
132,86,4.6062994
132,87,4.4562807
132,88,2.8380518
132,89,2.589892
132,90,2.7046938
132,91,2.5000377
132,92,2.1400645
133,1,105.365776
133,2,109.314476
133,3,115.52895
133,4,120.029594
133,5,120.74058
133,6,126.511375
133,7,125.19909
133,8,122.06588
133,9,120.86616
133,10,130.0
133,11,128.74126
133,12,130.0
133,13,130.0
133,14,129.57576
133,15,130.0
133,16,130.0
133,17,130.0
133,18,130.0
133,19,130.0
133,20,130.0
133,21,130.0
133,22,130.0
133,23,126.23383
133,24,130.0
133,25,127.87006
133,26,130.0
133,27,130.0
133,28,130.0
133,29,128.09496
133,30,128.31242
133,31,129.9311
133,32,128.95705
133,33,127.7389
133,34,124.50393
133,35,125.65361
133,36,129.37546
133,37,126.94085
133,38,130.0
133,39,126.78224
133,40,130.0
133,41,126.63543
133,42,130.0
133,43,130.0
133,44,130.0
133,45,127.45382
133,46,126.346565
133,47,130.0
133,48,128.1917
133,49,130.0
133,50,130.0
133,51,130.0
133,52,130.0
133,53,130.0
133,54,130.0
133,55,130.0
133,56,130.0
133,57,130.0
133,58,130.0
133,59,130.0
133,60,130.0
133,61,129.15591
133,62,125.37064
133,63,130.0
133,64,125.37537
133,65,124.593925
133,66,125.91913
133,67,127.6648
133,68,127.21206
133,69,123.420715
133,70,126.84289
133,71,127.281624
133,72,129.21349
133,73,126.66479
133,74,126.812325
133,75,125.22419
133,76,123.36291
133,77,123.27859
133,78,124.03129
133,79,120.94638
133,80,127.06579
133,81,120.74789
133,82,121.808235
133,83,117.72107
133,84,119.187
133,85,119.95652
133,86,123.48849
133,87,119.08855
133,88,116.82041
133,89,122.39652
133,90,121.2955
133,91,119.3222
133,92,117.25086
133,93,124.513626
133,94,118.00506
133,95,118.07421
133,96,126.93534
133,97,124.93178
133,98,122.363106
133,99,121.279884
133,100,120.80054
133,101,118.33389
133,102,122.994804
133,103,122.00898
133,104,119.17655
133,105,116.14219
133,106,120.51484
133,107,121.16703
133,108,118.74529
133,109,115.22918
133,110,118.844734
133,111,118.474556
133,112,119.99614
133,113,119.99595
133,114,118.51454
133,115,110.707146
133,116,112.16195
133,117,118.32473
133,118,113.52869
133,119,120.60587
133,120,111.922646
133,121,111.66692
133,122,108.02799
133,123,106.52944
133,124,107.91014
133,125,109.0849
133,126,109.78532
133,127,116.95559
133,128,112.72675
133,129,108.5023
133,130,109.99387
133,131,114.39013
133,132,115.54145
133,133,106.86944
133,134,110.28945
133,135,105.84597
133,136,109.74496
133,137,107.81829
133,138,109.518105
133,139,106.49027
133,140,106.32387
133,141,104.84796
133,142,103.18234
133,143,104.91533
133,144,101.55282
133,145,103.54512
133,146,95.584236
133,147,98.7604
133,148,97.51079
133,149,95.57975
133,150,94.85038
133,151,95.84177
133,152,94.62444
133,153,93.09297
133,154,92.05908
133,155,92.16747
133,156,88.234856
133,157,86.87304
133,158,86.44305
133,159,83.17536
133,160,83.39394
133,161,74.785515
133,162,80.73222
133,163,79.16367
133,164,75.565796
133,165,77.50662
133,166,73.29215
133,167,75.975624
133,168,83.23296
133,169,82.76989
133,170,86.10171
133,171,83.08326
133,172,79.27146
133,173,72.475105
133,174,76.96656
133,175,77.671875
133,176,80.81705
133,177,76.52716
133,178,70.37691
133,179,81.12144
133,180,77.11441
133,181,76.82314
133,182,74.072914
133,183,77.274925
133,184,79.88582
133,185,74.57632
133,186,76.94948
133,187,72.860146
133,188,74.66601
133,189,78.79397
133,190,73.545166
133,191,77.497116
133,192,71.25524
133,193,65.949394
133,194,64.37285
133,195,65.07073
133,196,58.45729
133,197,57.35542
133,198,59.13107
133,199,59.76634
133,200,58.46436
133,201,53.129494
133,202,51.70293
133,203,48.563168
133,204,51.078693
133,205,45.253223
133,206,52.713337
133,207,47.458103
133,208,46.870216
133,209,46.771473
133,210,46.041462
133,211,51.100216
133,212,45.398724
133,213,48.76977
133,214,55.20947
133,215,50.483337
133,216,51.420383
133,217,44.96893
133,218,43.08067
133,219,43.409004
133,220,46.292004
133,221,41.72637
133,222,40.87604
133,223,37.953594
133,224,34.36068
133,225,32.186916
133,226,33.691296
133,227,27.7196
133,228,30.056553
133,229,30.831387
133,230,29.986965
133,231,26.05886
133,232,30.752098
133,233,19.805168
133,234,16.765911
133,235,20.27782
133,236,19.482853
133,237,17.352463
133,238,16.881472
133,239,17.862581
133,240,16.420841
133,241,15.546993
133,242,16.687778
133,243,15.531948
133,244,18.6111
133,245,15.392228
133,246,19.105663
133,247,11.847849
133,248,12.012642
133,249,12.997996
133,250,13.492946
133,251,12.937045
133,252,11.346471
133,253,11.791977
133,254,11.906028
133,255,8.972279
133,256,9.33747
133,257,10.66658
133,258,8.652716
133,259,8.852555
133,260,7.9177494
133,261,6.498212
133,262,7.7130623
134,1,97.29177
134,2,107.969475
134,3,111.83398
134,4,115.83662
134,5,117.46769
134,6,117.41799
134,7,119.19921
134,8,116.20884
134,9,118.1345
134,10,116.73057
134,11,115.360695
134,12,119.070496
134,13,116.982895
134,14,120.53083
134,15,118.333824
134,16,121.96822
134,17,119.246864
134,18,123.7259
134,19,123.21627
134,20,120.064606
134,21,115.23676
134,22,124.358406
134,23,122.53229
134,24,123.75217
134,25,126.70928
134,26,121.914505
134,27,121.90121
134,28,122.99253
134,29,124.92816
134,30,125.42278
134,31,123.731804
134,32,124.495735
134,33,124.51223
134,34,125.50149
134,35,128.8107
134,36,125.17954
134,37,124.62998
134,38,123.917595
134,39,123.75528
134,40,124.885086
134,41,124.03369
134,42,120.82212
134,43,121.19914
134,44,125.0763
134,45,124.42481
134,46,125.08893
134,47,121.76703
134,48,121.959274
134,49,123.184265
134,50,121.707954
134,51,115.56235
134,52,123.14203
134,53,124.99296
134,54,123.38088
134,55,127.71455
134,56,124.915855
134,57,119.55076
134,58,120.76919
134,59,118.95252
134,60,116.8276
134,61,122.673836
134,62,123.313965
134,63,120.69096
134,64,120.890816
134,65,119.61959
134,66,121.65454
134,67,121.08517
134,68,123.43897
134,69,116.504524
134,70,115.37182
134,71,113.59687
134,72,120.85627
134,73,120.71693
134,74,114.75834
134,75,123.612114
134,76,121.51177
134,77,117.9952
134,78,116.50084
134,79,118.65887
134,80,117.71853
134,81,117.04893
134,82,116.5423
134,83,120.69182
134,84,117.22605
134,85,115.16315
134,86,125.75277
134,87,120.94626
134,88,120.89887
134,89,118.58248
134,90,123.8523
134,91,121.268974
134,92,117.5299
134,93,116.36998
134,94,121.08308
134,95,122.59295
134,96,117.7672
134,97,115.95992
134,98,123.57539
134,99,123.00093
134,100,122.38191
134,101,123.323166
134,102,119.85919
134,103,118.09497
134,104,116.24174
134,105,120.71636
134,106,122.29939
134,107,128.06866
134,108,123.79986
134,109,124.24569
134,110,122.060074
134,111,122.200264
134,112,123.49595
134,113,121.02703
134,114,115.491844
134,115,115.54871
134,116,116.65558
134,117,122.53817
134,118,121.44449
134,119,122.89117
134,120,117.37209
134,121,118.500786
134,122,115.15944
134,123,111.291695
134,124,108.91506
134,125,109.315704
134,126,106.48075
134,127,107.94776
134,128,106.54159
134,129,108.57056
134,130,115.026215
134,131,116.00504
134,132,111.86976
134,133,110.31428
134,134,111.50545
134,135,110.503914
134,136,108.14315
134,137,106.81847
134,138,100.11747
134,139,99.03541
134,140,100.51098
134,141,101.92706
134,142,100.11079
134,143,97.41262
134,144,90.621544
134,145,83.9842
134,146,80.903786
134,147,82.82276
134,148,82.023994
134,149,80.1116
134,150,81.16958
134,151,82.18356
134,152,77.26854
134,153,77.62452
134,154,71.19531
134,155,73.80019
134,156,67.50819
134,157,66.615456
134,158,64.62412
134,159,64.33275
134,160,61.887234
134,161,66.12061
134,162,66.32194
134,163,59.718155
134,164,60.36079
134,165,58.96097
134,166,62.74519
134,167,61.430748
134,168,66.183266
134,169,62.009678
134,170,64.62282
134,171,65.8334
134,172,66.4694
134,173,65.04935
134,174,53.731853
134,175,58.87856
134,176,49.869564
134,177,46.434994
134,178,53.10386
134,179,39.075222
134,180,41.320415
134,181,42.92508
134,182,41.628033
134,183,37.673244
134,184,41.904896
134,185,43.354572
134,186,40.976734
134,187,37.86867
134,188,35.40543
134,189,36.79054
134,190,37.920265
134,191,44.76177
134,192,41.096397
134,193,43.95222
134,194,32.188816
134,195,27.932652
134,196,28.496141
134,197,26.078999
134,198,30.101212
134,199,27.202671
134,200,30.38754
134,201,23.752983
134,202,26.423328
134,203,32.725876
134,204,25.664143
134,205,22.45053
134,206,18.146194
134,207,18.986294
134,208,19.980324
134,209,16.067192
134,210,15.190598
134,211,11.272302
134,212,12.9206705
134,213,10.662511
134,214,16.67088
134,215,12.792601
134,216,12.749546
134,217,10.595852
134,218,8.047846
134,219,9.422558
134,220,8.043059
134,221,8.595713
134,222,9.1326885
134,223,8.780922
134,224,6.735613
134,225,6.4502573
134,226,8.833065
135,1,93.25503
135,2,103.49323
135,3,111.17837
135,4,102.40206
135,5,98.483086
135,6,104.97382
135,7,102.466576
135,8,110.415886
135,9,105.03612
135,10,102.88686
135,11,102.53576
135,12,94.68989
135,13,96.48939
135,14,102.79659
135,15,102.10832
135,16,98.77366
135,17,93.87531
135,18,94.862724
135,19,93.64193
135,20,89.906044
135,21,86.55532
135,22,85.54745
135,23,85.535965
135,24,84.759056
135,25,85.6138
135,26,86.12838
135,27,86.20931
135,28,93.066345
135,29,94.60223
135,30,82.543236
135,31,77.47988
135,32,78.006874
135,33,84.40849
135,34,85.775085
135,35,78.15967
135,36,78.53419
135,37,77.26389
135,38,81.08907
135,39,77.62653
135,40,72.79319
135,41,77.85473
135,42,71.96008
135,43,67.3713
135,44,68.72018
135,45,68.04893
135,46,71.92376
135,47,68.2965
135,48,71.36556
135,49,74.089836
135,50,70.83061
135,51,70.90379
135,52,65.992516
135,53,67.50612
135,54,62.24448
135,55,59.83865
135,56,58.93093
135,57,60.21359
135,58,60.126095
135,59,57.66683
135,60,58.46555
135,61,55.736515
135,62,59.080193
135,63,50.063656
135,64,49.72092
135,65,51.074944
135,66,49.057056
135,67,48.436245
135,68,48.73478
135,69,44.085793
135,70,44.635494
135,71,47.979206
135,72,42.56988
135,73,44.756283
135,74,42.914482
135,75,36.28447
135,76,39.01992
135,77,32.726448
135,78,35.133343
135,79,33.607685
135,80,34.473896
135,81,34.318478
135,82,30.464464
135,83,31.072632
135,84,30.985744
135,85,31.379608
135,86,30.240812
135,87,29.200195
135,88,27.470306
135,89,29.276236
135,90,30.904703
135,91,26.23087
135,92,27.421238
135,93,26.363255
135,94,24.869164
135,95,23.987381
135,96,24.25746
135,97,21.677212
135,98,22.449066
135,99,19.827755
135,100,19.329323
135,101,18.127354
135,102,17.157814
135,103,13.246713
135,104,14.583143
135,105,10.1411915
135,106,8.653034
135,107,9.005643
135,108,8.398137
135,109,7.916854
135,110,5.516009
135,111,5.649583
135,112,4.228503
135,113,2.8464894
135,114,2.3656092
135,115,2.8453617
136,1,88.484314
136,2,98.77893
136,3,106.16301
136,4,104.05697
136,5,112.315315
136,6,115.556496
136,7,113.35592
136,8,114.04178
136,9,114.14585
136,10,118.11256
136,11,124.33041
136,12,128.50522
136,13,130.0
136,14,128.30505
136,15,129.53825
136,16,125.50228
136,17,123.85042
136,18,126.42318
136,19,122.27285
136,20,124.998566
136,21,123.7271
136,22,126.31037
136,23,121.39302
136,24,122.0201
136,25,119.882805
136,26,119.78997
136,27,122.45971
136,28,124.210075
136,29,123.804115
136,30,124.08108
136,31,129.19398
136,32,127.27451
136,33,120.45697
136,34,125.29969
136,35,120.76673
136,36,120.39953
136,37,123.76649
136,38,124.30645
136,39,122.40574
136,40,119.29101
136,41,121.90258
136,42,124.94092
136,43,123.634224
136,44,127.254906
136,45,130.0
136,46,125.78019
136,47,129.24629
136,48,121.75051
136,49,123.22604
136,50,126.40621
136,51,123.84114
136,52,126.883995
136,53,130.0
136,54,129.05342
136,55,130.0
136,56,130.0
136,57,130.0
136,58,129.27672
136,59,130.0
136,60,130.0
136,61,128.21768
136,62,130.0
136,63,124.840904
136,64,128.62486
136,65,124.40593
136,66,120.39806
136,67,118.92005
136,68,117.68832
136,69,118.67603
136,70,119.760414
136,71,122.56997
136,72,120.246475
136,73,116.44731
136,74,120.265396
136,75,121.08604
136,76,120.680244
136,77,118.35652
136,78,115.62275
136,79,123.15333
136,80,116.52999
136,81,113.00979
136,82,114.01403
136,83,119.14388
136,84,116.197716
136,85,118.13302
136,86,117.118576
136,87,123.88888
136,88,121.01311
136,89,118.12611
136,90,118.34898
136,91,114.84792
136,92,117.86337
136,93,119.40802
136,94,122.64695
136,95,115.245766
136,96,113.967735
136,97,108.020134
136,98,114.155106
136,99,108.67751
136,100,112.57456
136,101,113.60783
136,102,104.97944
136,103,104.92884
136,104,100.95602
136,105,99.604965
136,106,103.2645
136,107,98.62356
136,108,101.09115
136,109,102.27806
136,110,97.920555
136,111,99.47906
136,112,96.62025
136,113,102.53536
136,114,102.87706
136,115,104.0618
136,116,98.02526
136,117,100.6601
136,118,94.71517
136,119,92.22685
136,120,88.03112
136,121,89.581566
136,122,87.46106
136,123,88.503006
136,124,88.79618
136,125,85.990845
136,126,82.375404
136,127,81.082436
136,128,81.05583
136,129,85.08871
136,130,78.242256
136,131,79.932045
136,132,74.00935
136,133,72.03857
136,134,77.94799
136,135,73.23444
136,136,74.5852
136,137,70.534935
136,138,70.99814
136,139,71.20677
136,140,70.63231
136,141,74.59968
136,142,70.09589
136,143,76.191246
136,144,77.3859
136,145,77.20344
136,146,76.61936
136,147,79.0584
136,148,81.28828
136,149,80.68815
136,150,81.357704
136,151,76.03124
136,152,77.4279
136,153,73.88648
136,154,68.48398
136,155,70.48822
136,156,71.95606
136,157,70.75408
136,158,66.35414
136,159,65.8727
136,160,64.303246
136,161,64.82042
136,162,61.117115
136,163,59.160587
136,164,56.212498
136,165,57.01295
136,166,55.769867
136,167,57.551517
136,168,55.089092
136,169,56.00753
136,170,53.179905
136,171,51.963196
136,172,46.377544
136,173,47.668026
136,174,46.43068
136,175,47.751972
136,176,42.59572
136,177,42.39922
136,178,44.624187
136,179,46.554302
136,180,39.302116
136,181,39.1794
136,182,40.132587
136,183,39.300404
136,184,36.176975
136,185,29.175013
136,186,29.210794
136,187,26.062122
136,188,25.711018
136,189,22.666084
136,190,23.606226
136,191,23.098785
136,192,21.737638
136,193,15.273166
136,194,16.220108
136,195,18.200048
136,196,15.977982
136,197,18.307999
136,198,18.023455
136,199,18.56536
136,200,15.685775
136,201,13.020897
136,202,15.108071
136,203,14.320961
136,204,13.713463
136,205,12.771957
136,206,11.799452
136,207,10.796358
136,208,12.516699
136,209,8.70637
136,210,7.5215464
136,211,9.365048
136,212,6.914262
136,213,5.488323
136,214,5.954831
136,215,5.3229103
136,216,4.9753294
136,217,4.8147964
137,1,100.590996
137,2,114.45655
137,3,121.2079
137,4,118.89245
137,5,116.10941
137,6,120.147675
137,7,126.09881
137,8,128.75258
137,9,125.740295
137,10,130.0
137,11,130.0
137,12,130.0
137,13,130.0
137,14,130.0
137,15,126.31579
137,16,129.27145
137,17,130.0
137,18,130.0
137,19,130.0
137,20,127.08073
137,21,130.0
137,22,125.245384
137,23,119.088554
137,24,121.98875
137,25,117.61231
137,26,116.34923
137,27,117.82676
137,28,118.849724
137,29,122.129036
137,30,120.393684
137,31,130.0
137,32,120.28731
137,33,117.22074
137,34,116.96314
137,35,118.40546
137,36,118.37969
137,37,120.03397
137,38,126.20768
137,39,126.545494
137,40,125.511345
137,41,124.78468
137,42,122.91739
137,43,123.172775
137,44,122.00509
137,45,122.95301
137,46,118.90095
137,47,121.44929
137,48,119.325226
137,49,119.10255
137,50,121.85507
137,51,124.910934
137,52,117.48231
137,53,118.80694
137,54,117.15817
137,55,123.74755
137,56,122.77023
137,57,122.26107
137,58,116.74884
137,59,115.514435
137,60,116.83154
137,61,117.016716
137,62,116.75137
137,63,120.340576
137,64,119.466545
137,65,115.37354
137,66,113.5254
137,67,120.43037
137,68,119.981865
137,69,118.90148
137,70,115.198814
137,71,118.853065
137,72,116.13713
137,73,118.05793
137,74,110.974434
137,75,111.331856
137,76,113.22687
137,77,120.06083
137,78,114.18694
137,79,120.43751
137,80,120.98702
137,81,121.56034
137,82,118.11637
137,83,118.52481
137,84,119.54534
137,85,117.528244
137,86,117.161
137,87,118.60543
137,88,110.197044
137,89,108.90907
137,90,104.932396
137,91,107.34792
137,92,106.10216
137,93,97.80514
137,94,97.01449
137,95,98.10775
137,96,97.047874
137,97,97.17887
137,98,94.66699
137,99,93.01035
137,100,94.20995
137,101,88.57334
137,102,89.8135
137,103,88.541756
137,104,86.88055
137,105,81.92275
137,106,86.63506
137,107,90.13711
137,108,88.35262
137,109,88.43621
137,110,87.42843
137,111,88.37235
137,112,88.91322
137,113,89.59193
137,114,87.607666
137,115,89.58729
137,116,94.01533
137,117,100.026405
137,118,99.32487
137,119,96.58287
137,120,93.855125
137,121,96.81544
137,122,95.95557
137,123,92.962
137,124,87.42074
137,125,91.90154
137,126,88.07894
137,127,90.43902
137,128,89.87838
137,129,87.82054
137,130,88.46854
137,131,80.720856
137,132,82.68937
137,133,84.00908
137,134,76.45292
137,135,82.75963
137,136,77.68949
137,137,82.74967
137,138,77.03107
137,139,77.59793
137,140,74.495224
137,141,73.4797
137,142,77.387955
137,143,73.146645
137,144,70.51061
137,145,70.122955
137,146,65.93459
137,147,69.66561
137,148,71.60944
137,149,66.25811
137,150,65.120636
137,151,64.78329
137,152,71.188484
137,153,68.45931
137,154,65.974785
137,155,62.12266
137,156,59.915913
137,157,66.096466
137,158,61.584698
137,159,61.836704
137,160,61.564243
137,161,57.79079
137,162,52.797405
137,163,53.188995
137,164,48.189075
137,165,52.011143
137,166,48.212505
137,167,48.60104
137,168,50.43543
137,169,53.642296
137,170,48.14069
137,171,45.84354
137,172,45.389088
137,173,41.42513
137,174,39.32169
137,175,34.150036
137,176,34.13512
137,177,31.00505
137,178,27.453285
137,179,27.13404
137,180,25.700214
137,181,21.75071
137,182,21.452015
137,183,18.278114
137,184,16.351208
137,185,18.113663
137,186,15.793422
137,187,15.299428
137,188,15.363234
137,189,14.263908
137,190,11.068966
137,191,12.220634
137,192,11.396722
137,193,11.807156
137,194,8.580434
137,195,9.990295
137,196,9.917063
137,197,10.4256
137,198,9.427784
137,199,9.706955
137,200,7.0028524
137,201,6.6266737
137,202,6.563468
137,203,4.4760303
137,204,5.621396
137,205,6.9635925
138,1,93.932526
138,2,111.16244
138,3,116.30453
138,4,113.3708
138,5,119.765396
138,6,120.479935
138,7,121.95566
138,8,122.32307
138,9,125.72238
138,10,122.75765
138,11,118.37453
138,12,123.623985
138,13,126.491745
138,14,127.65475
138,15,130.0
138,16,130.0
138,17,129.05756
138,18,130.0
138,19,127.433235
138,20,123.320114
138,21,120.757515
138,22,121.69491
138,23,122.24157
138,24,127.36759
138,25,128.07074
138,26,130.0
138,27,130.0
138,28,128.58633
138,29,123.68473
138,30,130.0
138,31,127.783646
138,32,130.0
138,33,130.0
138,34,130.0
138,35,130.0
138,36,128.30591
138,37,128.84796
138,38,130.0
138,39,130.0
138,40,127.3355
138,41,130.0
138,42,130.0
138,43,130.0
138,44,130.0
138,45,130.0
138,46,130.0
138,47,130.0
138,48,130.0
138,49,130.0
138,50,130.0
138,51,125.02009
138,52,129.66182
138,53,127.869286
138,54,129.68742
138,55,130.0
138,56,130.0
138,57,127.161156
138,58,126.810074
138,59,126.37256
138,60,125.46139
138,61,125.43087
138,62,124.395905
138,63,125.17318
138,64,127.05986
138,65,120.14305
138,66,122.98687
138,67,126.39024
138,68,125.88979
138,69,120.744774
138,70,116.27412
138,71,118.89995
138,72,122.196655
138,73,120.77105
138,74,122.56611
138,75,122.0091
138,76,124.05865
138,77,116.250786
138,78,121.34077
138,79,122.40856
138,80,119.38773
138,81,120.81858
138,82,117.61456
138,83,125.33309
138,84,110.67312
138,85,119.3459
138,86,119.843254
138,87,124.40673
138,88,116.87069
138,89,117.84696
138,90,119.505714
138,91,120.42907
138,92,123.55281
138,93,121.91154
138,94,125.3608
138,95,130.0
138,96,125.96369
138,97,119.631065
138,98,127.733406
138,99,128.09346
138,100,125.20827
138,101,122.02017
138,102,123.57893
138,103,122.55261
138,104,124.81493
138,105,123.52832
138,106,124.122444
138,107,118.7098
138,108,121.14126
138,109,117.1156
138,110,122.23598
138,111,121.66418
138,112,123.077034
138,113,123.65177
138,114,123.716576
138,115,117.872246
138,116,117.73997
138,117,118.878654
138,118,117.83512
138,119,122.06131
138,120,122.505615
138,121,122.30001
138,122,119.18549
138,123,112.59313
138,124,113.41979
138,125,115.03858
138,126,112.70795
138,127,114.0973
138,128,113.69753
138,129,116.66987
138,130,109.959435
138,131,107.43348
138,132,109.96361
138,133,105.78556
138,134,105.12802
138,135,101.14461
138,136,108.06603
138,137,103.22316
138,138,103.30988
138,139,104.70523
138,140,99.943985
138,141,95.07543
138,142,96.05193
138,143,100.38334
138,144,101.944176
138,145,96.67632
138,146,90.1766
138,147,96.14603
138,148,91.52534
138,149,85.44218
138,150,86.014435
138,151,93.0045
138,152,94.21384
138,153,97.55175
138,154,90.4569
138,155,84.92257
138,156,85.837135
138,157,81.997765
138,158,90.266075
138,159,85.391716
138,160,88.08143
138,161,83.82552
138,162,85.23545
138,163,85.82012
138,164,82.68481
138,165,80.641365
138,166,81.49928
138,167,79.049736
138,168,83.01632
138,169,92.46844
138,170,85.53203
138,171,78.52142
138,172,71.216606
138,173,77.91432
138,174,72.87972
138,175,72.77067
138,176,69.02196
138,177,67.9319
138,178,65.16391
138,179,66.16773
138,180,57.22093
138,181,59.405933
138,182,56.587177
138,183,57.79566
138,184,64.355354
138,185,58.123173
138,186,60.74952
138,187,61.22681
138,188,59.282623
138,189,58.83649
138,190,65.1577
138,191,58.96092
138,192,57.59309
138,193,55.525295
138,194,57.75571
138,195,52.5369
138,196,54.74104
138,197,49.44642
138,198,52.961914
138,199,50.191563
138,200,51.090717
138,201,52.236073
138,202,42.72437
138,203,43.369373
138,204,42.441837
138,205,43.731895
138,206,40.768013
138,207,44.320618
138,208,36.000645
138,209,38.969883
138,210,38.355297
138,211,36.54729
138,212,36.363224
138,213,35.23209
138,214,33.221188
138,215,31.579964
138,216,31.629877
138,217,32.340797
138,218,27.982876
138,219,26.039272
138,220,30.051594
138,221,28.654844
138,222,27.5824
138,223,26.456512
138,224,22.607252
138,225,21.94234
138,226,19.576761
138,227,17.03661
138,228,21.109158
138,229,18.027367
138,230,15.7523
138,231,18.874453
138,232,16.653643
138,233,16.122477
138,234,14.666098
138,235,16.403072
138,236,17.678152
138,237,15.151867
138,238,15.020094
138,239,16.011547
138,240,16.39952
138,241,12.701578
138,242,10.671541
138,243,8.817927
138,244,7.1227674
138,245,5.4337416
138,246,3.8942747
138,247,6.091851
139,1,93.66242
139,2,93.40499
139,3,95.615036
139,4,96.64831
139,5,98.36788
139,6,96.856926
139,7,91.154884
139,8,96.59853
139,9,97.025826
139,10,97.92752
139,11,96.4912
139,12,99.70917
139,13,100.44462
139,14,106.56717
139,15,98.30613
139,16,95.12485
139,17,89.477806
139,18,97.33235
139,19,97.72509
139,20,94.57914
139,21,91.86221
139,22,87.51334
139,23,85.611916
139,24,82.050934
139,25,81.96325
139,26,83.64762
139,27,83.69479
139,28,90.26844
139,29,89.99015
139,30,81.97047
139,31,86.9112
139,32,83.905174
139,33,77.167854
139,34,76.44923
139,35,69.37386
139,36,69.15686
139,37,61.005375
139,38,60.45422
139,39,56.707798
139,40,55.615425
139,41,51.25138
139,42,48.096844
139,43,50.764362
139,44,50.968456
139,45,50.69315
139,46,43.674564
139,47,46.124805
139,48,45.237885
139,49,46.761593
139,50,40.190952
139,51,43.835583
139,52,37.296104
139,53,37.150326
139,54,39.048553
139,55,34.860992
139,56,33.3859
139,57,34.069706
139,58,36.483753
139,59,34.079758
139,60,32.73004
139,61,30.952808
139,62,33.343174
139,63,40.231018
139,64,38.692257
139,65,39.263233
139,66,36.326923
139,67,37.149563
139,68,36.457287
139,69,34.02413
139,70,35.834896
139,71,31.505041
139,72,32.436935
139,73,29.942558
139,74,30.549732
139,75,29.848661
139,76,26.954353
139,77,31.488876
139,78,28.28168
139,79,29.71634
139,80,29.202917
139,81,27.120111
139,82,25.389313
139,83,22.619577
139,84,20.897959
139,85,18.47424
139,86,22.282349
139,87,20.292377
139,88,19.66873
139,89,21.265076
139,90,19.092382
139,91,19.450651
139,92,16.329266
139,93,15.020273
139,94,14.838058
139,95,11.886288
139,96,11.389645
139,97,8.624845
139,98,9.346393
139,99,6.157938
139,100,6.2123213
139,101,4.8570204
139,102,3.3303978
139,103,3.2771382
139,104,2.5339363
139,105,2.0877237
140,1,100.963524
140,2,107.62483
140,3,113.10753
140,4,104.21673
140,5,113.34188
140,6,107.516426
140,7,104.72036
140,8,103.59405
140,9,110.13898
140,10,108.20553
140,11,109.86678
140,12,105.75062
140,13,98.872856
140,14,102.155556
140,15,92.649536
140,16,100.674706
140,17,95.80307
140,18,94.70471
140,19,94.327644
140,20,99.703224
140,21,93.65182
140,22,89.66485
140,23,89.3663
140,24,82.17156
140,25,87.56713
140,26,86.77966
140,27,87.02671
140,28,86.68081
140,29,85.98855
140,30,72.14149
140,31,71.68607
140,32,63.116898
140,33,67.05388
140,34,59.61453
140,35,63.190994
140,36,64.32366
140,37,59.008587
140,38,59.570408
140,39,59.988934
140,40,58.700577
140,41,63.565907
140,42,62.381527
140,43,66.22053
140,44,63.49113
140,45,61.718517
140,46,69.881966
140,47,73.237785
140,48,76.4729
140,49,73.28595
140,50,80.19112
140,51,76.3827
140,52,79.2599
140,53,80.21064
140,54,77.10746
140,55,79.98852
140,56,80.64232
140,57,72.40821
140,58,74.107124
140,59,71.58544
140,60,77.63532
140,61,71.3449
140,62,72.43214
140,63,65.14937
140,64,63.716305
140,65,60.12521
140,66,60.136044
140,67,58.430893
140,68,52.981056
140,69,50.803513
140,70,50.45979
140,71,47.91717
140,72,44.88023
140,73,43.230762
140,74,42.92341
140,75,38.744152
140,76,41.460194
140,77,39.07243
140,78,35.16162
140,79,37.915638
140,80,39.539154
140,81,35.727425
140,82,34.866776
140,83,32.4105
140,84,29.529146
140,85,34.865078
140,86,31.08739
140,87,30.682579
140,88,30.80084
140,89,31.191275
140,90,27.538948
140,91,25.094923
140,92,24.757233
140,93,25.5609
140,94,25.864098
140,95,23.314308
140,96,22.94403
140,97,22.257343
140,98,22.812284
140,99,23.486893
140,100,19.254896
140,101,22.424555
140,102,19.7202
140,103,20.123482
140,104,18.431576
140,105,12.939884
140,106,14.499325
140,107,14.170354
140,108,10.190008
140,109,8.94797
140,110,8.352348
140,111,6.3941803
140,112,5.071252
140,113,6.1104183
140,114,4.36057
140,115,5.271086
140,116,3.2484226
140,117,2.928729
140,118,3.0124016
141,1,105.99137
141,2,114.07596
141,3,119.48161
141,4,115.91605
141,5,118.78837
141,6,118.767395
141,7,114.08774
141,8,115.49839
141,9,115.09575
141,10,113.41886
141,11,110.449104
141,12,111.23041
141,13,112.16125
141,14,109.89381
141,15,102.88752
141,16,104.56192
141,17,105.39707
141,18,103.621376
141,19,98.99515
141,20,98.495415
141,21,96.69976
141,22,95.740555
141,23,93.285194
141,24,98.61347
141,25,102.15332
141,26,99.87395
141,27,91.048454
141,28,101.6378
141,29,101.709526
141,30,94.32276
141,31,92.71829
141,32,98.14855
141,33,90.63535
141,34,85.22641
141,35,89.619286
141,36,87.21502
141,37,88.47632
141,38,83.0963
141,39,84.99682
141,40,82.85875
141,41,79.209984
141,42,78.669075
141,43,84.98032
141,44,80.67635
141,45,86.17424
141,46,80.2712
141,47,86.68737
141,48,77.86077
141,49,75.046425
141,50,78.29929
141,51,83.48707
141,52,81.50869
141,53,81.41372
141,54,93.74702
141,55,92.07906
141,56,97.4986
141,57,96.60645
141,58,99.62948
141,59,90.675285
141,60,93.31919
141,61,98.71779
141,62,96.823074
141,63,97.17498
141,64,97.688065
141,65,101.245285
141,66,99.02544
141,67,96.70133
141,68,89.93444
141,69,93.2769
141,70,92.821655
141,71,89.01374
141,72,86.76993
141,73,86.278496
141,74,85.869255
141,75,82.17602
141,76,77.01091
141,77,78.430504
141,78,74.71441
141,79,66.263336
141,80,65.267426
141,81,62.74189
141,82,60.333416
141,83,52.8211
141,84,50.824776
141,85,55.73564
141,86,49.249325
141,87,46.493313
141,88,44.950657
141,89,45.959736
141,90,38.149033
141,91,43.163944
141,92,43.631016
141,93,42.12233
141,94,45.54018
141,95,43.89464
141,96,43.101833
141,97,42.306168
141,98,41.721867
141,99,42.106163
141,100,46.632786
141,101,43.771496
141,102,43.563038
141,103,46.146793
141,104,39.9671
141,105,42.749287
141,106,43.06032
141,107,48.78493
141,108,47.732693
141,109,46.34571
141,110,45.075943
141,111,46.71284
141,112,42.438923
141,113,41.760426
141,114,38.60563
141,115,40.32371
141,116,39.50189
141,117,36.756016
141,118,34.879894
141,119,34.4129
141,120,28.520533
141,121,28.124683
141,122,27.37179
141,123,27.162079
141,124,23.805885
141,125,25.880196
141,126,23.891445
141,127,20.667288
141,128,20.51809
141,129,18.428856
141,130,19.138529
141,131,18.918762
141,132,14.780547
141,133,15.589514
141,134,8.847269
141,135,9.022034
141,136,7.907693
141,137,9.759491
141,138,6.8245287
141,139,4.1398973
141,140,4.2199583
141,141,5.5568523
141,142,7.0597
141,143,5.488573
141,144,4.759747
141,145,2.4626899
142,1,106.81349
142,2,111.06285
142,3,110.078224
142,4,118.0411
142,5,115.821594
142,6,118.74329
142,7,115.08369
142,8,111.60572
142,9,114.22195
142,10,122.98597
142,11,122.02941
142,12,120.581795
142,13,124.5227
142,14,124.563545
142,15,127.21269
142,16,123.948555
142,17,128.85342
142,18,130.0
142,19,129.99586
142,20,130.0
142,21,129.9926
142,22,127.489365
142,23,130.0
142,24,130.0
142,25,130.0
142,26,130.0
142,27,130.0
142,28,126.69638
142,29,121.98119
142,30,129.25139
142,31,125.194885
142,32,122.495605
142,33,125.0634
142,34,124.46165
142,35,127.42226
142,36,124.72891
142,37,124.48737
142,38,129.72307
142,39,122.41279
142,40,127.48556
142,41,126.27778
142,42,123.729996
142,43,130.0
142,44,130.0
142,45,126.6522
142,46,125.8257
142,47,128.72525
142,48,128.67412
142,49,124.57034
142,50,130.0
142,51,130.0
142,52,124.115425
142,53,128.34987
142,54,130.0
142,55,129.51756
142,56,130.0
142,57,130.0
142,58,130.0
142,59,130.0
142,60,130.0
142,61,130.0
142,62,130.0
142,63,130.0
142,64,130.0
142,65,130.0
142,66,127.68268
142,67,130.0
142,68,129.03163
142,69,128.92482
142,70,127.60557
142,71,130.0
142,72,130.0
142,73,128.43192
142,74,130.0
142,75,122.12556
142,76,126.83886
142,77,123.58613
142,78,123.256584
142,79,119.92478
142,80,120.19734
142,81,121.86349
142,82,126.63787
142,83,126.16456
142,84,130.0
142,85,124.28536
142,86,126.023575
142,87,130.0
142,88,130.0
142,89,129.40314
142,90,127.270775
142,91,129.27722
142,92,129.2846
142,93,129.19756
142,94,130.0
142,95,125.60784
142,96,130.0
142,97,129.18797
142,98,129.40434
142,99,130.0
142,100,130.0
142,101,127.4201
142,102,128.65933
142,103,130.0
142,104,127.96427
142,105,122.03066
142,106,124.60902
142,107,124.72687
142,108,118.27572
142,109,119.48493
142,110,120.52616
142,111,118.9248
142,112,118.39225
142,113,119.30401
142,114,115.019615
142,115,119.988014
142,116,115.42238
142,117,118.069954
142,118,114.822
142,119,111.135765
142,120,116.72759
142,121,116.12574
142,122,109.53499
142,123,116.13408
142,124,110.14493
142,125,107.30651
142,126,109.189186
142,127,113.10386
142,128,111.94647
142,129,110.591866
142,130,118.243996
142,131,111.27221
142,132,112.035576
142,133,115.933556
142,134,118.330635
142,135,112.97022
142,136,122.32667
142,137,119.99889
142,138,117.06512
142,139,113.52991
142,140,117.42574
142,141,113.56812
142,142,111.963264
142,143,110.28196
142,144,105.81371
142,145,108.725044
142,146,113.12957
142,147,111.36998
142,148,114.80966
142,149,107.51612
142,150,103.32823
142,151,105.385635
142,152,98.7696
142,153,101.4389
142,154,102.16854
142,155,96.07792
142,156,95.83653
142,157,89.532
142,158,87.95817
142,159,81.28541
142,160,88.55714
142,161,83.26921
142,162,79.10373
142,163,81.92175
142,164,82.400925
142,165,79.71264
142,166,86.1309
142,167,83.67696
142,168,84.35229
142,169,82.70965
142,170,90.86323
142,171,93.58797
142,172,89.7927
142,173,90.8159
142,174,83.99801
142,175,88.03027
142,176,82.54889
142,177,79.51182
142,178,87.70011
142,179,86.088776
142,180,81.70089
142,181,83.22686
142,182,82.90739
142,183,75.014336
142,184,75.552635
142,185,80.55007
142,186,78.54241
142,187,76.08248
142,188,76.26949
142,189,71.10678
142,190,73.02389
142,191,73.47521
142,192,71.51472
142,193,67.689926
142,194,61.213955
142,195,62.10296
142,196,59.450222
142,197,60.097736
142,198,58.66595
142,199,56.60365
142,200,64.06639
142,201,55.9697
142,202,63.470486
142,203,57.880203
142,204,53.707478
142,205,54.417675
142,206,48.579327
142,207,45.55939
142,208,47.95052
142,209,46.559162
142,210,45.747097
142,211,46.34222
142,212,46.356762
142,213,42.990597
142,214,44.567272
142,215,44.781406
142,216,42.995968
142,217,46.688507
142,218,37.00005
142,219,37.40365
142,220,40.866184
142,221,37.764183
142,222,32.31329
142,223,37.666508
142,224,31.068169
142,225,34.793064
142,226,33.429935
142,227,36.279663
142,228,37.021923
142,229,34.625126
142,230,36.04633
142,231,35.991985
142,232,36.61951
142,233,35.6052
142,234,36.142303
142,235,35.012234
142,236,37.005886
142,237,39.313267
142,238,33.026573
142,239,28.181282
142,240,28.409256
142,241,30.022745
142,242,32.59209
142,243,33.08563
142,244,28.025745
142,245,24.913698
142,246,25.18307
142,247,28.045145
142,248,25.29423
142,249,21.778963
142,250,24.078371
142,251,19.301655
142,252,19.13239
142,253,19.195084
142,254,20.500057
142,255,18.299248
142,256,18.407225
142,257,15.790686
142,258,11.609496
142,259,11.625287
142,260,12.531193
142,261,12.701551
142,262,10.334698
142,263,9.701216
142,264,8.84835
142,265,9.795719
142,266,6.5341225
142,267,5.9956846
142,268,7.2406063
142,269,5.984147
142,270,3.0702314
142,271,3.5328832
143,1,93.34457
143,2,110.5294
143,3,108.76028
143,4,108.62067
143,5,104.872154
143,6,110.22812
143,7,107.12638
143,8,105.885
143,9,112.9791
143,10,120.09297
143,11,105.89101
143,12,101.48162
143,13,101.8792
143,14,103.689735
143,15,109.77522
143,16,101.71612
143,17,103.227684
143,18,103.80787
143,19,100.760796
143,20,98.253685
143,21,99.52012
143,22,103.27706
143,23,106.325035
143,24,107.52729
143,25,102.09045
143,26,97.98919
143,27,98.68203
143,28,98.03454
143,29,105.34284
143,30,113.44662
143,31,110.74823
143,32,113.028885
143,33,115.60463
143,34,122.684364
143,35,118.94277
143,36,118.25607
143,37,115.895836
143,38,117.74467
143,39,125.73243
143,40,121.83194
143,41,119.96076
143,42,121.30387
143,43,116.15833
143,44,114.826416
143,45,116.04809
143,46,113.862175
143,47,111.903854
143,48,117.33288
143,49,106.530716
143,50,108.81625
143,51,108.02436
143,52,104.39804
143,53,111.2783
143,54,107.03391
143,55,105.07768
143,56,101.60152
143,57,96.06696
143,58,92.75675
143,59,90.90902
143,60,88.328606
143,61,85.14753
143,62,82.87826
143,63,94.302795
143,64,87.791794
143,65,88.74912
143,66,87.23817
143,67,86.555214
143,68,95.47189
143,69,92.54822
143,70,89.58002
143,71,97.44956
143,72,100.05665
143,73,97.63304
143,74,95.354744
143,75,97.33657
143,76,92.37237
143,77,90.74715
143,78,96.94045
143,79,101.01498
143,80,99.069756
143,81,96.15458
143,82,91.1675
143,83,92.82822
143,84,95.99425
143,85,102.51946
143,86,100.67487
143,87,92.70106
143,88,91.90172
143,89,94.742546
143,90,94.55777
143,91,90.61118
143,92,84.59666
143,93,88.4266
143,94,86.68055
143,95,86.90332
143,96,85.25712
143,97,81.777596
143,98,84.0908
143,99,81.663155
143,100,79.84618
143,101,81.339165
143,102,80.14966
143,103,79.18966
143,104,79.954185
143,105,75.11459
143,106,83.07392
143,107,79.19506
143,108,78.69628
143,109,84.72423
143,110,78.577644
143,111,78.883736
143,112,70.28799
143,113,66.10548
143,114,61.947414
143,115,65.37759
143,116,58.415333
143,117,59.269604
143,118,57.003193
143,119,52.72108
143,120,56.18664
143,121,48.874287
143,122,54.50897
143,123,52.64793
143,124,48.988583
143,125,47.68793
143,126,40.871517
143,127,45.988262
143,128,44.07285
143,129,46.668983
143,130,43.995247
143,131,36.128155
143,132,38.485744
143,133,34.334007
143,134,34.85486
143,135,31.774632
143,136,34.891773
143,137,33.29527
143,138,35.91955
143,139,36.15246
143,140,35.37302
143,141,34.029373
143,142,27.927452
143,143,29.006332
143,144,26.39087
143,145,28.55599
143,146,25.817272
143,147,27.69408
143,148,31.930944
143,149,30.98363
143,150,23.868443
143,151,19.363615
143,152,25.302784
143,153,29.990932
143,154,22.61935
143,155,18.33593
143,156,15.798283
143,157,13.909652
143,158,18.276272
143,159,13.03415
143,160,14.138112
143,161,15.988177
143,162,7.8787994
143,163,9.138596
143,164,6.864934
143,165,4.945875
143,166,5.265772
143,167,3.6914632
143,168,3.6262653
143,169,4.876604
144,1,91.80636
144,2,105.62968
144,3,111.12301
144,4,108.84665
144,5,112.72133
144,6,106.71862
144,7,110.38992
144,8,117.56488
144,9,123.55386
144,10,116.15663
144,11,118.16624
144,12,113.624
144,13,119.1215
144,14,125.34596
144,15,115.85464
144,16,122.46262
144,17,122.33219
144,18,121.11648
144,19,119.17411
144,20,118.678795
144,21,118.37822
144,22,118.92188
144,23,114.3776
144,24,115.19546
144,25,111.82041
144,26,117.93299
144,27,124.30581
144,28,123.296265
144,29,121.99009
144,30,119.5989
144,31,122.75018
144,32,126.95197
144,33,126.9671
144,34,128.73827
144,35,130.0
144,36,126.96199
144,37,126.618576
144,38,121.435555
144,39,128.37961
144,40,122.99482
144,41,122.89747
144,42,121.63663
144,43,122.43462
144,44,120.97677
144,45,121.255714
144,46,119.42997
144,47,122.2824
144,48,117.28692
144,49,118.649605
144,50,116.03248
144,51,116.67046
144,52,122.46473
144,53,111.36937
144,54,116.88142
144,55,112.17644
144,56,117.094734
144,57,109.337654
144,58,102.021645
144,59,110.071526
144,60,104.67946
144,61,104.65899
144,62,105.88802
144,63,102.29681
144,64,105.06089
144,65,106.610825
144,66,105.85072
144,67,110.77897
144,68,106.62493
144,69,101.83044
144,70,99.64229
144,71,102.167015
144,72,105.36976
144,73,104.63303
144,74,100.95069
144,75,107.43676
144,76,101.88495
144,77,103.41961
144,78,103.85122
144,79,104.9508
144,80,105.32661
144,81,106.22031
144,82,101.70325
144,83,102.09856
144,84,99.07505
144,85,101.99293
144,86,100.2761
144,87,98.97659
144,88,94.29057
144,89,98.306015
144,90,95.82206
144,91,92.53218
144,92,95.565056
144,93,91.476845
144,94,93.21157
144,95,94.271935
144,96,90.45286
144,97,94.10854
144,98,103.77332
144,99,95.42113
144,100,101.43752
144,101,97.356445
144,102,94.846436
144,103,87.67548
144,104,91.639206
144,105,98.14633
144,106,92.60104
144,107,85.08892
144,108,89.27244
144,109,85.89155
144,110,85.51093
144,111,80.573814
144,112,73.61882
144,113,74.91332
144,114,74.58264
144,115,71.94831
144,116,71.53532
144,117,69.82104
144,118,71.89214
144,119,76.72021
144,120,69.20627
144,121,74.02752
144,122,70.11285
144,123,59.355686
144,124,53.726025
144,125,53.505474
144,126,52.33672
144,127,54.724957
144,128,45.887707
144,129,48.191433
144,130,48.05737
144,131,47.661427
144,132,44.487354
144,133,38.85592
144,134,38.767384
144,135,41.32762
144,136,48.547726
144,137,40.703487
144,138,44.952965
144,139,49.920033
144,140,47.81326
144,141,49.575665
144,142,46.27055
144,143,48.989597
144,144,43.30953
144,145,45.93355
144,146,45.49059
144,147,40.04083
144,148,42.59061
144,149,42.270306
144,150,37.310265
144,151,42.148575
144,152,40.151104
144,153,31.726927
144,154,37.68046
144,155,37.268612
144,156,35.103672
144,157,33.42357
144,158,33.508583
144,159,23.581707
144,160,24.31828
144,161,16.653786
144,162,22.309116
144,163,20.962585
144,164,15.550072
144,165,18.950367
144,166,18.22364
144,167,16.10959
144,168,14.542439
144,169,15.221779
144,170,13.331168
144,171,14.020855
144,172,14.201441
144,173,14.811916
144,174,13.200081
144,175,10.089327
144,176,10.450943
144,177,10.214853
144,178,11.493759
144,179,8.743094
144,180,8.389886
144,181,6.1623993
144,182,6.296026
144,183,4.311228
144,184,4.2050743
144,185,3.966717
144,186,4.5266066
145,1,101.106094
145,2,110.71439
145,3,117.23524
145,4,115.55224
145,5,120.3995
145,6,123.86529
145,7,123.94153
145,8,128.4348
145,9,128.58084
145,10,127.13163
145,11,130.0
145,12,126.34007
145,13,129.7494
145,14,128.56763
145,15,126.32923
145,16,130.0
145,17,130.0
145,18,130.0
145,19,130.0
145,20,130.0
145,21,130.0
145,22,130.0
145,23,130.0
145,24,129.16324
145,25,130.0
145,26,130.0
145,27,130.0
145,28,129.72086
145,29,130.0
145,30,127.78199
145,31,130.0
145,32,130.0
145,33,130.0
145,34,130.0
145,35,130.0
145,36,130.0
145,37,130.0
145,38,130.0
145,39,130.0
145,40,130.0
145,41,130.0
145,42,130.0
145,43,130.0
145,44,128.25455
145,45,130.0
145,46,130.0
145,47,130.0
145,48,130.0
145,49,130.0
145,50,130.0
145,51,130.0
145,52,130.0
145,53,130.0
145,54,125.96397
145,55,129.98412
145,56,130.0
145,57,130.0
145,58,130.0
145,59,130.0
145,60,130.0
145,61,130.0
145,62,130.0
145,63,130.0
145,64,130.0
145,65,130.0
145,66,130.0
145,67,130.0
145,68,128.98238
145,69,125.47233
145,70,122.31121
145,71,130.0
145,72,124.11031
145,73,126.37647
145,74,126.52322
145,75,121.08926
145,76,118.89656
145,77,118.30713
145,78,125.70765
145,79,128.98534
145,80,125.5667
145,81,121.24876
145,82,119.827446
145,83,120.45603
145,84,123.32033
145,85,121.05725
145,86,125.72067
145,87,128.90625
145,88,126.91865
145,89,128.00516
145,90,126.28489
145,91,122.87664
145,92,125.63826
145,93,130.0
145,94,130.0
145,95,121.91751
145,96,120.27642
145,97,121.86804
145,98,127.362495
145,99,120.98102
145,100,120.88775
145,101,123.675125
145,102,120.7523
145,103,125.990486
145,104,128.348
145,105,126.44135
145,106,125.95869
145,107,120.7367
145,108,121.57572
145,109,120.37883
145,110,126.40653
145,111,125.1395
145,112,122.01293
145,113,123.75131
145,114,118.383705
145,115,116.43712
145,116,112.00206
145,117,118.06109
145,118,119.28945
145,119,116.80686
145,120,122.587524
145,121,120.59642
145,122,120.696526
145,123,119.268974
145,124,119.35676
145,125,118.84134
145,126,120.70789
145,127,124.53048
145,128,118.1234
145,129,115.53988
145,130,114.48621
145,131,112.9958
145,132,115.22013
145,133,105.84872
145,134,115.86397
145,135,113.75472
145,136,111.18018
145,137,103.41056
145,138,110.02493
145,139,109.62538
145,140,108.99007
145,141,104.74161
145,142,100.63226
145,143,106.48256
145,144,113.228645
145,145,102.75848
145,146,100.71175
145,147,98.622925
145,148,101.988235
145,149,105.30456
145,150,96.89674
145,151,97.74033
145,152,92.3919
145,153,99.55668
145,154,89.77906
145,155,103.660706
145,156,101.49464
145,157,97.32571
145,158,96.842674
145,159,97.98145
145,160,94.143715
145,161,99.295586
145,162,96.96545
145,163,90.39373
145,164,96.09051
145,165,89.73571
145,166,98.98283
145,167,87.70088
145,168,88.05015
145,169,88.48567
145,170,88.13224
145,171,82.04351
145,172,85.84215
145,173,87.015816
145,174,86.71261
145,175,82.27717
145,176,84.364006
145,177,75.95926
145,178,73.402466
145,179,73.817696
145,180,74.23528
145,181,74.351494
145,182,78.70011
145,183,77.90491
145,184,74.111465
145,185,79.42603
145,186,76.77192
145,187,81.24714
145,188,74.17271
145,189,79.747185
145,190,79.51281
145,191,78.726524
145,192,72.99006
145,193,78.72407
145,194,73.88335
145,195,72.70086
145,196,75.309715
145,197,76.35069
145,198,74.47994
145,199,73.5232
145,200,76.41717
145,201,69.60626
145,202,70.67829
145,203,69.31057
145,204,64.130554
145,205,62.986904
145,206,58.07937
145,207,65.490974
145,208,52.437122
145,209,53.956768
145,210,50.68823
145,211,47.515255
145,212,49.874584
145,213,48.24754
145,214,41.3459
145,215,46.099747
145,216,37.968998
145,217,40.68021
145,218,41.068096
145,219,36.403214
145,220,36.20313
145,221,40.741287
145,222,40.74606
145,223,39.422256
145,224,42.048702
145,225,36.365788
145,226,37.411423
145,227,37.463596
145,228,38.606358
145,229,36.234913
145,230,38.786026
145,231,34.370857
145,232,32.941063
145,233,28.759937
145,234,29.663223
145,235,34.14816
145,236,27.551376
145,237,29.365917
145,238,26.545855
145,239,26.873255
145,240,28.447958
145,241,25.756653
145,242,24.025791
145,243,23.099823
145,244,24.776264
145,245,21.695688
145,246,20.048553
145,247,15.767168
145,248,18.952747
145,249,18.260866
145,250,14.12757
145,251,11.357685
145,252,10.726727
145,253,10.654585
145,254,7.5671577
145,255,7.0816326
145,256,7.3718824
145,257,7.458166
145,258,6.7831745
145,259,5.05276
145,260,6.213007
145,261,6.074374
145,262,5.6136303
145,263,5.604252
145,264,7.250222
145,265,6.971287
146,1,104.45429
146,2,115.472015
146,3,115.14374
146,4,119.598076
146,5,118.98585
146,6,130.0
146,7,129.57407
146,8,129.61217
146,9,128.82077
146,10,130.0
146,11,130.0
146,12,130.0
146,13,130.0
146,14,130.0
146,15,130.0
146,16,130.0
146,17,130.0
146,18,130.0
146,19,130.0
146,20,130.0
146,21,130.0
146,22,130.0
146,23,130.0
146,24,130.0
146,25,130.0
146,26,130.0
146,27,130.0
146,28,130.0
146,29,130.0
146,30,125.80162
146,31,127.2715
146,32,127.595024
146,33,130.0
146,34,127.03086
146,35,124.451866
146,36,125.61402
146,37,128.28798
146,38,130.0
146,39,130.0
146,40,129.08298
146,41,127.06693
146,42,126.04728
146,43,127.38367
146,44,129.87642
146,45,130.0
146,46,127.64434
146,47,130.0
146,48,130.0
146,49,130.0
146,50,130.0
146,51,130.0
146,52,130.0
146,53,130.0
146,54,130.0
146,55,130.0
146,56,129.7072
146,57,130.0
146,58,130.0
146,59,130.0
146,60,130.0
146,61,129.82976
146,62,128.09785
146,63,128.04984
146,64,128.10437
146,65,124.27973
146,66,127.087425
146,67,122.6227
146,68,121.81434
146,69,123.05093
146,70,124.36387
146,71,119.38039
146,72,124.9801
146,73,118.14113
146,74,122.563286
146,75,122.411
146,76,120.75863
146,77,118.51131
146,78,124.01596
146,79,120.21683
146,80,122.76736
146,81,125.463615
146,82,122.26301
146,83,123.30247
146,84,130.0
146,85,123.14711
146,86,121.93883
146,87,117.47727
146,88,114.32282
146,89,113.78482
146,90,114.58138
146,91,112.86706
146,92,112.14086
146,93,109.07534
146,94,105.33575
146,95,102.50968
146,96,103.788216
146,97,103.08299
146,98,100.74198
146,99,94.58255
146,100,94.30352
146,101,93.86669
146,102,92.174255
146,103,87.963326
146,104,88.19326
146,105,92.09994
146,106,89.94871
146,107,93.74202
146,108,93.139885
146,109,94.33844
146,110,91.71563
146,111,95.45624
146,112,93.60195
146,113,93.44201
146,114,90.010704
146,115,92.56017
146,116,93.13412
146,117,92.25031
146,118,88.35849
146,119,91.50898
146,120,89.034195
146,121,86.75918
146,122,89.19038
146,123,93.07316
146,124,86.6837
146,125,91.80111
146,126,93.94272
146,127,88.83622
146,128,94.473045
146,129,91.162445
146,130,90.95758
146,131,89.83183
146,132,87.70908
146,133,87.0521
146,134,80.459145
146,135,86.513
146,136,84.66821
146,137,85.31486
146,138,85.60566
146,139,83.108444
146,140,82.895485
146,141,80.638466
146,142,87.62315
146,143,83.54476
146,144,81.35816
146,145,82.2062
146,146,80.480736
146,147,72.752525
146,148,73.56687
146,149,70.40627
146,150,70.94436
146,151,73.788414
146,152,69.701035
146,153,78.343445
146,154,72.83555
146,155,79.25785
146,156,76.167015
146,157,74.72137
146,158,75.61923
146,159,75.56775
146,160,73.36379
146,161,78.255844
146,162,77.505684
146,163,78.63909
146,164,76.937416
146,165,76.68724
146,166,74.240074
146,167,70.57282
146,168,67.95463
146,169,64.98469
146,170,63.15791
146,171,61.031155
146,172,63.002853
146,173,67.18345
146,174,63.94752
146,175,64.55889
146,176,62.942463
146,177,60.41602
146,178,56.067142
146,179,58.051212
146,180,52.64158
146,181,50.216297
146,182,46.29547
146,183,46.115788
146,184,46.66508
146,185,42.002003
146,186,38.742046
146,187,36.723057
146,188,34.201614
146,189,32.912865
146,190,32.527008
146,191,30.74473
146,192,27.326656
146,193,25.78571
146,194,24.108011
146,195,28.08292
146,196,25.803268
146,197,24.929277
146,198,21.24721
146,199,21.761137
146,200,17.124788
146,201,17.72615
146,202,17.561098
146,203,14.749605
146,204,13.821603
146,205,13.472559
146,206,13.405203
146,207,11.64621
146,208,12.83246
146,209,14.391455
146,210,12.046111
146,211,11.24548
146,212,13.321702
146,213,12.653788
146,214,12.009485
146,215,11.265378
146,216,10.927769
146,217,12.458802
146,218,9.566698
146,219,9.138178
146,220,6.5332155
146,221,7.1125584
146,222,4.70703
146,223,5.2687073
146,224,6.0241184
147,1,103.87986
147,2,103.93011
147,3,121.04302
147,4,120.33237
147,5,123.506355
147,6,126.00288
147,7,126.82651
147,8,125.36786
147,9,123.56591
147,10,130.0
147,11,130.0
147,12,126.27817
147,13,130.0
147,14,130.0
147,15,124.63447
147,16,124.74352
147,17,127.66501
147,18,127.972786
147,19,125.247986
147,20,121.9376
147,21,120.973045
147,22,124.04794
147,23,121.816216
147,24,128.9419
147,25,124.08899
147,26,115.437225
147,27,119.77972
147,28,118.6845
147,29,121.67971
147,30,114.1098
147,31,120.0946
147,32,116.02935
147,33,118.39588
147,34,122.84193
147,35,125.490776
147,36,117.24117
147,37,118.0821
147,38,124.21055
147,39,125.06287
147,40,125.694336
147,41,126.9067
147,42,125.216705
147,43,120.687744
147,44,122.39556
147,45,119.05683
147,46,122.97603
147,47,125.83585
147,48,126.43252
147,49,128.80779
147,50,123.51461
147,51,130.0
147,52,126.04827
147,53,121.10547
147,54,130.0
147,55,125.1132
147,56,127.888214
147,57,123.57023
147,58,121.868614
147,59,114.87713
147,60,114.06993
147,61,125.562706
147,62,119.40125
147,63,119.80801
147,64,118.985794
147,65,114.88749
147,66,128.21933
147,67,118.99358
147,68,122.88211
147,69,124.51202
147,70,122.02271
147,71,119.32863
147,72,119.50228
147,73,123.1561
147,74,121.913795
147,75,125.25838
147,76,121.308525
147,77,116.46733
147,78,121.853615
147,79,130.0
147,80,125.259056
147,81,124.5288
147,82,128.35493
147,83,125.61978
147,84,125.746086
147,85,130.0
147,86,129.34564
147,87,130.0
147,88,130.0
147,89,129.61145
147,90,121.7899
147,91,120.752205
147,92,119.08517
147,93,120.924706
147,94,119.08627
147,95,117.88514
147,96,119.1212
147,97,122.74644
147,98,121.57754
147,99,120.24207
147,100,116.453255
147,101,113.19625
147,102,108.93986
147,103,104.71992
147,104,110.788414
147,105,110.73785
147,106,115.683105
147,107,107.66939
147,108,102.856415
147,109,109.534485
147,110,104.83201
147,111,111.33758
147,112,109.35886
147,113,109.71519
147,114,109.130486
147,115,110.417244
147,116,114.975365
147,117,114.95599
147,118,113.18932
147,119,117.54954
147,120,110.84113
147,121,114.38921
147,122,113.32348
147,123,114.29216
147,124,112.58886
147,125,110.48369
147,126,103.391365
147,127,109.87876
147,128,106.24535
147,129,109.167656
147,130,109.167885
147,131,99.780365
147,132,108.49391
147,133,103.3063
147,134,101.145744
147,135,99.4566
147,136,93.90938
147,137,89.95435
147,138,90.28918
147,139,84.780365
147,140,87.670876
147,141,98.6141
147,142,93.14367
147,143,83.159004
147,144,83.239265
147,145,85.19091
147,146,93.84692
147,147,82.47465
147,148,78.31608
147,149,72.07926
147,150,76.69781
147,151,83.05241
147,152,75.42344
147,153,72.46761
147,154,71.50654
147,155,73.11712
147,156,70.38306
147,157,70.0525
147,158,63.997364
147,159,67.72674
147,160,69.20008
147,161,62.43272
147,162,63.30164
147,163,62.90543
147,164,59.347652
147,165,56.85927
147,166,60.323166
147,167,56.112858
147,168,55.259266
147,169,57.49567
147,170,44.764866
147,171,59.464832
147,172,56.83339
147,173,56.128483
147,174,54.552982
147,175,54.336933
147,176,55.177708
147,177,56.9795
147,178,53.058743
147,179,48.55286
147,180,58.195873
147,181,53.08936
147,182,56.396793
147,183,54.684834
147,184,54.761166
147,185,55.470463
147,186,53.67207
147,187,53.037205
147,188,51.650272
147,189,53.81515
147,190,53.668232
147,191,50.358685
147,192,46.993687
147,193,40.70825
147,194,46.748074
147,195,39.157238
147,196,38.685875
147,197,39.305576
147,198,36.096775
147,199,34.511166
147,200,30.102541
147,201,28.70647
147,202,33.93826
147,203,33.35946
147,204,32.21255
147,205,28.1698
147,206,26.304836
147,207,22.444334
147,208,25.113148
147,209,19.973093
147,210,24.241648
147,211,25.603048
147,212,20.744143
147,213,19.43826
147,214,17.886852
147,215,19.815752
147,216,19.600784
147,217,15.879196
147,218,16.263216
147,219,18.390787
147,220,18.290262
147,221,16.553463
147,222,12.284729
147,223,9.104798
147,224,9.501949
147,225,11.998543
147,226,11.356585
147,227,7.6204166
147,228,10.192649
147,229,8.592026
147,230,8.240465
147,231,5.814493
147,232,5.2155848
147,233,8.957981
147,234,6.892892
147,235,6.946188
147,236,6.4973545
147,237,3.5124247
148,1,109.66061
148,2,119.23061
148,3,116.55647
148,4,118.36909
148,5,117.367386
148,6,126.588135
148,7,121.409065
148,8,121.93595
148,9,124.74045
148,10,125.09652
148,11,119.543205
148,12,122.148766
148,13,123.4409
148,14,120.61433
148,15,119.505196
148,16,120.065094
148,17,120.396706
148,18,112.955086
148,19,110.61262
148,20,111.632164
148,21,111.582466
148,22,112.34114
148,23,113.17368
148,24,107.59978
148,25,115.09658
148,26,110.64039
148,27,113.117805
148,28,108.32994
148,29,109.74157
148,30,111.88395
148,31,114.36622
148,32,116.22748
148,33,117.70091
148,34,118.05648
148,35,120.07091
148,36,127.25596
148,37,122.682755
148,38,125.56165
148,39,122.62896
148,40,123.99973
148,41,122.536674
148,42,126.49622
148,43,123.50874
148,44,124.14338
148,45,127.39872
148,46,128.51187
148,47,127.87884
148,48,126.872795
148,49,130.0
148,50,127.17956
148,51,124.98388
148,52,121.98014
148,53,125.9409
148,54,123.76441
148,55,126.65851
148,56,127.73807
148,57,128.20354
148,58,127.75472
148,59,127.38902
148,60,128.11406
148,61,124.70996
148,62,121.282745
148,63,124.48001
148,64,124.32047
148,65,122.66554
148,66,117.381256
148,67,118.31395
148,68,123.09488
148,69,124.52041
148,70,117.57158
148,71,114.06553
148,72,119.72828
148,73,123.48304
148,74,114.54722
148,75,116.5501
148,76,122.13766
148,77,125.64043
148,78,123.84455
148,79,119.2462
148,80,130.0
148,81,122.055275
148,82,113.78657
148,83,121.83102
148,84,117.534584
148,85,116.42962
148,86,119.10847
148,87,120.49741
148,88,120.10929
148,89,120.143684
148,90,120.865456
148,91,119.70986
148,92,115.51553
148,93,117.563225
148,94,118.39837
148,95,116.509094
148,96,116.32244
148,97,113.729485
148,98,117.03361
148,99,115.72504
148,100,114.53028
148,101,109.69247
148,102,109.36431
148,103,114.73492
148,104,110.75027
148,105,108.43669
148,106,103.43296
148,107,105.33816
148,108,107.22544
148,109,103.21554
148,110,104.97674
148,111,100.38583
148,112,97.99665
148,113,96.92277
148,114,95.7849
148,115,94.108086
148,116,92.77569
148,117,91.76074
148,118,91.41134
148,119,85.376785
148,120,82.587685
148,121,80.12271
148,122,79.81309
148,123,73.53234
148,124,73.83843
148,125,69.44706
148,126,69.42387
148,127,75.73133
148,128,75.0838
148,129,70.66113
148,130,76.144905
148,131,76.61337
148,132,75.930916
148,133,83.836784
148,134,72.48972
148,135,81.108925
148,136,79.110435
148,137,79.090096
148,138,80.54952
148,139,80.41431
148,140,85.68059
148,141,77.65032
148,142,83.45696
148,143,78.427124
148,144,80.50605
148,145,76.71916
148,146,75.907104
148,147,78.093025
148,148,74.280785
148,149,66.75631
148,150,67.28425
148,151,73.0649
148,152,70.56453
148,153,69.91284
148,154,63.774654
148,155,65.300766
148,156,56.541683
148,157,63.94106
148,158,53.509945
148,159,57.33782
148,160,57.114117
148,161,57.337616
148,162,57.520283
148,163,57.29423
148,164,52.933643
148,165,53.065685
148,166,45.387165
148,167,43.081882
148,168,45.87076
148,169,41.083286
148,170,42.36648
148,171,40.320415
148,172,43.62391
148,173,41.232887
148,174,40.266872
148,175,39.96888
148,176,36.382732
148,177,33.4348
148,178,33.607086
148,179,26.842285
148,180,28.981544
148,181,37.57651
148,182,31.24229
148,183,30.69503
148,184,31.709383
148,185,32.522587
148,186,26.953825
148,187,29.944712
148,188,24.369764
148,189,28.48442
148,190,28.454693
148,191,25.736065
148,192,22.36053
148,193,17.987713
148,194,18.503754
148,195,18.594395
148,196,20.207142
148,197,19.180073
148,198,17.290241
148,199,15.356782
148,200,16.571815
148,201,12.977444
148,202,14.787028
148,203,13.628635
148,204,9.8154125
148,205,9.504727
148,206,7.1504345
148,207,6.9706984
148,208,8.131196
148,209,7.103263
148,210,7.397917
148,211,4.957221
148,212,6.1219482
148,213,4.7932425
148,214,5.5412893
149,1,94.748314
149,2,117.14731
149,3,115.33393
149,4,110.232254
149,5,113.56539
149,6,113.80451
149,7,115.70988
149,8,113.01178
149,9,106.208595
149,10,107.746346
149,11,99.21166
149,12,99.69666
149,13,99.76492
149,14,95.39946
149,15,95.31246
149,16,91.08637
149,17,82.29723
149,18,83.43572
149,19,80.08666
149,20,83.01201
149,21,85.47961
149,22,82.87531
149,23,83.96442
149,24,85.39738
149,25,81.60448
149,26,82.34907
149,27,83.22039
149,28,85.725975
149,29,89.714005
149,30,72.366356
149,31,70.914955
149,32,68.497345
149,33,76.23758
149,34,75.953636
149,35,76.1289
149,36,77.14753
149,37,76.1743
149,38,75.479164
149,39,71.55582
149,40,78.20179
149,41,74.14687
149,42,70.06582
149,43,75.14799
149,44,75.8858
149,45,75.50913
149,46,78.31298
149,47,78.72807
149,48,72.02121
149,49,71.80249
149,50,68.43404
149,51,69.54879
149,52,63.100773
149,53,70.034004
149,54,65.357025
149,55,69.012886
149,56,68.196236
149,57,69.214386
149,58,70.14675
149,59,67.61343
149,60,66.020195
149,61,61.064476
149,62,65.18829
149,63,54.954678
149,64,60.62627
149,65,61.352123
149,66,58.23612
149,67,50.353012
149,68,44.581345
149,69,45.703533
149,70,47.698666
149,71,46.362953
149,72,36.04445
149,73,34.12248
149,74,35.302597
149,75,32.53886
149,76,33.06597
149,77,34.539074
149,78,32.47291
149,79,29.74343
149,80,31.593147
149,81,26.585049
149,82,22.868439
149,83,25.227882
149,84,23.952034
149,85,19.978794
149,86,17.685585
149,87,16.259098
149,88,16.823977
149,89,13.552292
149,90,14.361629
149,91,11.193926
149,92,10.880157
149,93,13.62299
149,94,13.616445
149,95,11.374676
149,96,10.728715
149,97,7.8081837
149,98,7.9276896
149,99,7.086156
149,100,5.657217
149,101,6.019964
149,102,5.458899
149,103,4.351321
149,104,4.4850187
149,105,3.7963855
149,106,3.6481826
149,107,2.6034427
149,108,2.0627294
